# Sample input: 10000 random points
# Format: X Y (one point per line)
639.4268 20.0086
275.0293 178.5686
736.4712 541.3596
892.1796 69.5511
421.9218 23.8378
218.6380 404.2842
26.5360 159.0701
649.8844 435.9532
220.4406 471.4125
809.4305 5.1990
805.8193 558.5115
340.2505 124.3836
957.2131 269.2756
92.7458 77.3731
847.4944 482.9808
807.1283 583.7854
536.2281 778.4926
378.5344 441.6325
829.4047 494.8158
861.7069 461.8817
704.5718 36.6595
227.8983 231.5104
79.7920 186.2327
101.0014 222.3789
635.6844 291.8657
370.1810 167.6056
266.9778 749.3237
648.0354 487.3048
171.1386 583.3014
163.4025 303.5644
989.5234 511.9998
556.9497 547.6914
842.8519 620.7999
229.0481 25.6802
315.4530 214.1927
210.9828 754.3278
876.3676 251.7423
655.4387 316.5055
914.5476 367.0815
264.8802 197.3020
561.3681 210.1933
584.5860 718.2583
399.4005 175.4566
997.5376 407.6210
90.9094 37.6931
109.6491 501.9568
792.0794 337.7280
63.5277 305.2954
996.1214 423.2915
971.0784 688.6238
11.4810 576.5775
681.7104 429.5763
266.8252 512.7694
111.5522 347.8122
453.7237 763.0527
875.8529 210.7112
500.5861 142.9215
912.6278 696.4149
298.4448 511.1596
608.9702 122.2714
762.5108 431.5032
778.6265 424.2829
0.5719 259.3248
19.4767 743.2789
878.7219 665.3324
307.5141 46.3401
878.0096 757.5596
85.6535 388.7924
69.2125 608.4817
765.8344 102.7132
475.2824 439.8429
265.0566 697.9464
423.1379 169.4386
539.2961 583.9449
201.1511 249.3730
995.1494 519.9024
438.1001 414.0607
121.0042 179.7579
338.0856 470.6470
230.1147 176.1739
70.9931 504.8824
228.9418 724.3360
859.6354 56.6859
238.0046 535.1822
214.2368 105.8495
935.5142 456.8345
472.6710 627.6955
807.4970 152.3279
96.9308 344.8409
423.5786 373.6197
729.0758 538.6916
984.1652 78.7343
402.6213 271.4421
861.6725 198.9251
190.2089 358.8908
421.8816 222.8361
249.8064 738.6125
443.1307 689.0793
550.3253 40.4707
999.2825 668.8221
968.9963 741.0936
848.6957 133.0489
485.6411 170.9978
401.0403 46.9083
378.9731 788.2471
265.2031 627.2565
455.0084 338.4060
957.3176 796.3382
555.7683 574.7266
154.7968 237.3663
968.7094 463.3442
542.1952 598.3804
57.1653 467.3421
502.8504 682.1759
157.4327 768.6231
80.1115 148.6600
595.0351 540.1700
235.2039 95.9093
890.2873 196.9723
594.5192 495.5052
419.2249 466.9378
522.7827 747.7650
204.2592 572.9534
238.6860 316.6287
671.6902 239.9977
316.1772 601.4916
72.5431 366.6284
998.4544 796.8772
73.2607 170.5234
265.2004 746.6075
880.8642 703.4162
369.5271 126.1975
833.7450 562.8319
611.6778 789.7865
653.9763 6.2585
817.1041 239.5030
663.3887 751.1440
134.2911 92.3429
107.0360 442.5789
272.3482 483.8639
717.6122 162.8778
634.2380 211.1871
488.5319 724.2692
846.1037 73.8388
423.5758 221.3442
3.5457 616.8954
637.1134 209.5642
741.2309 441.3443
427.6869 7.7358
75.2439 706.4851
903.9286 436.4722
834.5950 466.0077
148.0938 101.9564
308.2583 719.1852
796.1223 688.5621
898.9246 168.0612
249.5297 82.2349
780.1162 707.3078
406.3774 496.5292
154.5533 743.9048
864.6057 780.9648
810.7717 705.1330
24.7864 589.2516
332.1855 744.6527
802.2351 691.2512
810.7493 213.4446
787.3745 86.4765
872.1668 686.8746
222.4337 653.2693
460.3032 244.1527
795.3455 182.0764
23.6644 154.5038
328.2620 691.4824
966.8891 223.3000
641.4817 319.7427
981.1497 428.9726
939.2371 92.2734
970.4006 142.8543
962.5343 212.3731
108.4025 347.6510
728.5451 250.9419
606.2089 409.1384
385.1954 461.2704
254.7225 567.0282
1.6913 740.4601
538.4520 575.5440
741.9501 536.5028
364.2215 55.9790
664.2377 264.1600
313.9156 678.4122
719.7543 240.2578
309.2847 326.7143
402.4004 236.5242
127.2878 336.3571
940.3637 541.8544
902.8055 492.4119
300.9499 438.3498
0.4059 229.5310
429.8881 463.9878
654.7056 371.9906
442.1598 170.9611
473.1862 720.9447
796.0248 135.7531
84.7955 412.3616
632.9409 268.1506
818.4235 600.9105
672.7957 179.7125
199.1299 19.5403
244.8425 380.1091
849.7377 58.2626
414.4410 503.8123
194.4352 557.0834
494.3772 195.1876
656.0580 4.4359
750.9645 616.0370
106.5873 340.1170
175.8867 766.3728
517.9578 40.1747
249.1983 678.6691
456.4618 641.1333
667.5777 790.3140
595.4523 760.0317
891.4259 490.1219
719.2740 403.8225
830.5692 438.2976
897.2081 594.9244
474.6744 207.3532
247.2397 510.1291
765.8137 417.0399
626.7484 219.6780
77.4834 228.5825
271.7151 255.7677
540.1522 110.6992
231.2615 555.1598
706.4191 51.3831
407.5994 434.0889
415.7742 165.4675
420.1435 723.8708
584.0794 556.4184
856.7320 612.4757
380.3810 4.7169
351.7588 602.7801
853.4480 762.7443
419.0213 598.0125
546.1323 482.6021
220.5387 175.5373
435.8360 23.2199
336.1295 543.3135
404.3167 132.0358
467.3901 102.1022
622.2570 21.5732
394.0203 451.5136
27.1020 514.1997
135.6995 369.3588
50.2846 303.2831
211.6603 261.4766
761.2297 303.3010
752.0098 665.5394
252.2715 65.5250
19.3833 431.5352
999.9078 279.9683
650.1441 624.9864
651.7547 603.3866
949.6117 159.4885
20.3800 121.9059
126.2210 535.5671
563.9696 174.3716
699.4650 613.5185
167.7891 485.7980
747.9257 91.6263
819.3012 771.7766
108.0987 20.5427
311.9572 541.8778
958.1728 317.3236
715.0147 60.7972
690.6144 501.7939
101.9013 617.9847
850.2932 480.3293
121.0551 787.0755
782.6353 277.7630
428.3780 296.4567
505.9608 272.9849
849.5756 657.8647
105.5389 768.6301
635.5851 662.9658
707.3086 348.3897
733.7953 772.3790
270.0824 646.5594
538.1729 386.7980
435.5745 584.8210
268.3955 681.3705
830.7310 69.3303
881.6312 195.0908
464.7085 488.2654
378.9893 22.9600
850.9528 145.4719
212.1199 638.2659
340.3388 704.2560
701.1838 221.0149
10.1511 758.4501
85.6130 576.0597
488.5778 606.5317
690.6093 516.7223
490.8213 634.3463
93.0534 177.2771
691.7872 244.9648
581.5556 378.6084
530.9219 340.4031
745.9354 264.6330
702.8549 216.7331
251.4037 96.5247
192.5843 95.6438
535.8640 609.7517
185.1498 173.1077
484.1986 579.6680
976.6070 419.7095
282.9987 80.4209
194.1176 181.9865
179.4415 11.3187
534.1351 219.4491
974.2949 442.6872
697.4174 101.0236
868.4612 392.7030
872.7197 459.2514
469.3969 352.3750
184.3637 41.1014
941.0636 382.1833
822.1156 320.5660
74.0822 503.5566
53.6091 119.3581
562.8396 243.0684
993.9181 94.7612
764.4434 485.0541
790.7408 180.5497
522.5725 360.4116
442.7210 688.1333
990.0313 244.3042
621.0273 487.7047
740.0893 758.0722
207.7879 168.8202
660.4281 125.6457
173.8135 60.0519
2.6757 360.4030
593.8112 233.0074
231.4762 565.5647
702.9876 363.2251
687.3849 739.1288
787.8280 500.0464
661.1830 746.9348
425.1390 435.6499
647.6347 726.7292
826.6312 57.1279
165.9228 246.0895
748.9577 455.3656
288.6106 99.4829
688.6780 559.7869
942.6762 400.3777
493.7952 64.3535
39.8608 345.6229
322.3216 200.2943
91.3269 769.5289
835.9586 460.1593
950.7863 799.6579
672.2816 215.6088
40.2317 605.0151
470.5008 521.2076
916.0728 145.1913
585.3296 507.8278
491.7258 72.9939
347.9611 266.6467
670.1335 686.1865
329.8037 554.9389
288.2178 756.1548
813.5660 440.0773
454.8259 251.6137
323.2738 776.1478
404.1751 411.6770
988.1192 526.1283
542.5936 330.5981
187.5825 289.4235
756.4432 500.3270
759.9905 162.8466
549.2196 742.1382
438.1161 558.6000
121.4261 778.5175
608.8717 191.4380
158.3782 440.6712
552.2514 74.5674
992.2571 730.3439
461.4479 93.9729
832.1432 398.7004
716.6033 407.0976
273.4249 667.7792
980.2446 194.9847
551.2651 306.8688
921.8681 406.5927
879.3263 691.2215
276.2474 632.0049
414.9424 747.3987
507.7377 656.4396
282.8390 238.8447
586.9377 799.1219
489.6403 118.8763
538.5806 276.0992
551.9174 434.7441
455.3446 257.4219
188.6524 557.9987
571.7976 186.8500
775.5445 34.9178
744.7052 564.1823
811.4089 308.8630
663.6888 656.5980
980.8181 396.2629
37.0196 401.8329
590.1804 695.7603
874.1904 352.2450
525.9511 365.5425
722.4438 327.9829
654.7813 123.4890
469.4906 775.3629
338.5612 554.1637
649.8367 681.4122
852.3413 687.4737
380.0094 253.3289
718.7174 607.5214
872.3830 28.7193
68.4207 504.9288
920.9291 797.9407
746.7664 347.1772
98.4431 506.9983
872.5792 354.9428
694.0012 722.7392
45.9910 636.9148
293.3678 299.8729
145.5698 424.9331
565.9281 634.0156
169.9836 63.1747
870.8396 495.7683
240.8298 730.2632
143.1177 368.9199
253.9773 204.2614
9.3974 643.7065
901.2094 542.0887
157.9756 353.3838
345.5656 470.0574
638.9387 339.4472
250.0982 676.2431
199.2170 307.7546
483.2081 189.7646
571.9227 459.8495
992.6920 236.1846
977.9445 526.5839
274.4804 452.7432
685.7995 595.7351
49.0443 485.1252
496.7273 723.3242
286.1942 639.0881
607.0650 281.8568
636.6179 496.7129
677.7645 576.7427
659.1815 670.6697
628.2481 722.7230
646.3406 247.1463
440.8232 463.6590
732.3598 72.1067
295.1105 597.9847
175.6401 105.7278
539.4078 777.1917
530.8524 730.7896
830.4726 205.5761
824.6898 385.4783
806.4885 597.2475
338.7153 92.1358
962.8933 112.6056
966.5002 688.1125
724.2167 783.9538
967.2697 643.6701
365.7750 632.5456
13.9187 429.2578
454.7860 538.2627
672.3408 467.6481
822.4173 752.2335
108.3461 187.0575
25.0246 707.3879
561.4074 732.2047
221.3672 50.5736
823.8554 727.5101
302.1902 326.6367
139.7770 757.0092
304.3646 394.0997
97.1920 709.8074
135.6640 362.9150
670.4862 594.5121
945.9741 335.3014
742.2690 123.6183
414.8845 79.2173
489.3470 326.4927
951.5215 26.1730
370.5300 354.7065
950.5552 684.3602
99.3546 548.5442
544.4659 782.2740
358.6738 318.5117
189.8086 97.7278
848.0332 363.7739
662.7687 513.3636
597.1460 17.0860
786.7946 194.8551
125.9239 451.6624
68.6102 612.1259
207.1574 172.7611
869.6954 262.8476
147.5542 720.4248
2.8356 686.7249
144.6880 103.9937
250.6542 139.5977
661.0576 20.6241
14.8603 631.9877
237.9316 259.0172
174.2462 41.9192
741.7181 420.8684
745.6653 380.9968
778.0170 410.5904
109.0540 403.0710
945.4156 34.6920
783.2270 693.5847
521.4512 366.4340
964.0262 48.6603
478.9819 321.2938
686.0975 392.2151
909.7008 58.7926
80.7905 486.6379
65.6822 220.0128
633.0767 438.6851
325.1854 795.7022
530.5568 362.9723
605.4268 79.3428
701.7794 682.2342
650.9167 615.1702
720.8399 172.0185
451.5549 182.7949
338.9316 362.7991
415.9897 76.0687
426.7640 532.0863
374.3010 122.1111
922.9850 53.7066
831.7719 74.5841
96.5644 591.0368
811.7693 445.0966
586.4651 449.2691
329.6460 97.7850
353.5981 532.2724
750.2843 694.4737
721.0607 774.7189
600.4101 281.3169
577.9185 170.1910
656.7363 179.3959
108.2184 676.2987
367.5611 610.0845
574.1000 645.7771
845.1552 779.6373
818.4269 490.8586
642.6992 21.0031
929.0843 663.5686
267.4477 144.3329
702.6988 247.1878
339.8247 4.8846
869.8627 453.0569
400.7843 113.4997
633.1720 24.5257
746.1118 172.1063
419.8325 272.7168
370.0531 577.2768
776.8356 454.0748
84.9570 42.0871
157.4099 494.2705
673.9687 217.6823
661.9387 388.5294
442.0442 218.5335
754.9431 91.0540
429.9136 226.5972
678.4863 389.3062
667.1326 36.3339
395.2634 479.4600
7.6871 241.1355
211.2340 109.7878
255.5195 262.4979
7.7299 597.6113
175.6948 304.1660
703.6713 400.2099
833.3542 644.9601
72.0755 689.4115
42.3023 14.9932
921.1624 689.6880
575.7592 458.7197
709.4990 334.1552
115.1734 16.6852
324.7682 641.0577
618.1253 665.6207
919.7698 70.5039
844.4844 194.6532
588.8713 419.1700
395.7667 248.2196
339.5133 266.4549
168.1327 408.3866
114.0266 407.9616
905.9227 279.5002
727.3791 655.1589
815.0370 189.0151
146.4442 157.8174
602.3990 608.1722
655.5090 141.7169
772.8481 395.2936
754.4458 607.9017
448.9053 739.3234
564.4918 508.2387
624.5218 691.3975
627.2174 120.7659
68.2863 353.7665
302.8204 219.7389
56.1721 405.8695
310.4079 361.5311
56.8901 665.3573
76.7310 691.4000
855.2934 492.0067
507.0678 370.1693
554.3164 633.4542
895.8768 359.7870
809.8159 521.4700
321.5268 380.5032
150.8611 49.4990
103.5019 719.3015
343.4378 571.4524
504.5490 138.0471
247.7437 350.2066
439.4218 418.1984
158.7462 298.2816
282.8936 327.0155
338.3671 478.3087
789.2269 517.8443
65.9119 75.6048
678.3793 227.3176
723.7337 525.2513
906.3427 698.6237
333.3620 466.1916
141.4284 279.8566
967.6965 558.7840
391.9580 476.0330
938.0022 247.6655
376.6793 633.3296
813.1848 536.0931
828.9590 591.0197
685.4144 421.1147
646.0248 338.7251
361.8281 290.0781
180.2629 171.3541
947.6683 389.0167
226.5430 110.0523
77.1651 675.5427
101.1408 616.6998
835.1198 706.9457
37.7475 269.4115
766.3076 104.8392
376.7199 129.7978
831.3451 616.8783
809.0437 132.4313
437.6734 328.6869
676.3629 190.0242
444.1987 227.9423
748.5365 359.1424
534.0111 247.5743
808.6239 375.2125
835.1134 294.2728
947.1302 787.5518
461.6800 225.4174
381.8724 421.9678
966.2682 653.5130
801.2592 110.7188
250.0032 512.9432
874.1169 443.6326
102.5897 676.7138
851.1660 228.0504
763.1168 218.2330
905.3062 117.8789
437.4726 757.1306
222.0380 360.9024
349.5851 21.3362
53.2569 401.6057
235.7781 795.6203
374.9127 22.5500
930.8259 671.3410
649.9607 633.1045
137.5996 229.5035
829.7616 556.8576
138.7927 564.4289
448.6015 4.2010
79.2258 204.7391
834.9631 439.0434
727.2348 422.2172
111.1869 230.4813
301.1512 38.1996
419.8255 635.1193
457.1136 88.6863
905.1469 477.3912
16.4354 412.3006
241.9381 114.8615
429.2389 491.8477
240.5642 333.2541
664.3713 68.4912
974.6545 54.1435
526.0594 405.8622
988.3315 443.3216
390.4537 376.1081
635.6708 784.8315
253.6503 12.9938
788.5200 275.8420
732.9410 502.6056
771.5014 588.1496
332.5186 35.4686
546.0137 650.8071
175.0891 623.3141
464.6229 556.3114
631.7358 649.1981
63.1005 620.9523
457.6796 234.7541
43.8063 159.5759
41.9059 746.6968
515.3836 791.2982
543.0307 202.6510
753.2909 152.8827
356.9742 624.6733
865.7983 265.5397
124.4750 294.4153
889.4865 594.6462
894.6375 309.3158
973.7236 396.9626
497.5234 739.4484
519.2759 640.9185
727.0813 63.1416
602.4533 657.8730
545.4744 256.9691
80.0689 528.7354
306.4959 482.0973
426.1161 551.8118
351.5470 33.8841
870.0372 282.0474
998.1506 219.6443
980.0273 758.3235
75.0412 510.0100
363.3111 640.8768
679.4106 762.2315
142.7795 486.0583
781.3120 27.8392
67.2334 622.8123
366.3285 306.2835
567.2446 484.0759
679.0621 759.0588
372.0134 610.4676
573.9218 423.5679
398.0340 519.6486
249.6117 90.7589
735.6749 399.2352
386.9874 449.3382
261.7767 208.2318
446.2731 797.0921
285.5769 733.1831
491.2002 98.1099
852.8263 361.6341
898.6790 356.0890
87.7907 545.5434
845.5212 255.6702
347.4253 51.9513
542.1714 713.0653
851.3621 569.4473
927.3245 510.1600
793.6964 407.0046
121.3625 160.7843
138.8769 632.2984
26.2840 443.2171
368.9112 642.9294
551.6469 489.5587
86.2155 247.4326
999.5950 575.0957
525.6957 615.3316
823.3394 59.0006
972.3797 513.8709
449.9745 544.0872
344.5148 702.3681
780.2629 511.8351
181.9631 773.0117
432.6183 728.5698
55.4129 99.3289
153.0155 131.7257
322.6608 567.4657
346.0231 752.7232
894.9259 676.7470
250.6053 508.0457
550.8414 100.1362
302.8246 426.7824
502.5731 134.9087
941.6070 123.3554
658.7329 576.5062
605.1389 674.0240
563.6180 660.1890
28.3735 36.3694
641.4537 461.4170
651.1300 613.5672
416.5868 511.1930
498.0381 501.7312
289.6717 765.3201
482.9448 643.7505
684.9908 237.9471
72.9730 47.9304
439.6055 387.4009
204.0230 485.3282
312.5825 574.6903
734.1998 688.6219
975.3741 104.6129
370.5402 449.3210
319.1159 373.1781
267.4717 198.3351
96.8117 232.1696
384.1498 492.3020
248.2703 692.2460
159.6997 261.9487
577.6870 250.1719
763.1214 398.6124
514.7248 399.0078
308.5405 18.5410
945.2328 404.3556
966.6866 172.1155
352.8951 40.4323
494.8942 705.8716
654.2600 376.4695
536.6907 677.7379
430.9278 705.9646
727.5081 611.0854
365.9374 320.4653
570.2816 155.7242
553.2229 58.8254
504.2555 611.5233
279.7207 791.2726
680.3986 95.0488
975.0828 315.1230
794.8972 271.2682
938.9486 603.9721
199.0579 407.2980
500.0779 36.2427
137.0364 266.4326
473.7442 365.5908
606.2605 412.4046
327.9658 490.4545
162.5020 792.4926
739.3194 239.3875
336.3735 662.6315
532.3398 566.9918
299.7906 652.5991
368.3578 539.0451
979.8980 466.9617
796.7548 580.2594
688.0437 21.3177
474.5902 773.6566
782.9040 620.9296
577.6344 577.1201
583.5233 136.4096
629.0252 495.7886
841.1671 118.2206
680.7269 25.2564
948.2052 87.9164
18.9374 250.9540
151.4313 552.4002
410.3774 619.9778
920.5209 698.2542
735.8373 49.8250
138.0825 165.8734
325.0495 529.7814
525.4772 251.0021
173.1824 729.6993
342.3270 283.4296
771.9898 576.7396
643.3091 554.6506
610.0766 153.8113
246.5191 446.4693
224.8670 778.3285
297.6146 231.2033
207.2778 563.9906
317.0407 279.0425
933.7004 636.3243
273.4575 97.4993
676.6222 303.7553
980.1605 654.7020
954.6089 643.6927
290.4527 230.1043
714.1413 277.0908
442.3761 205.1552
479.0793 161.6544
538.5779 746.4191
696.1713 109.8184
615.6770 469.4644
242.4580 535.8672
531.0415 510.3557
52.4911 330.6411
717.3581 80.4359
770.7661 4.1452
550.3526 743.2797
406.9075 748.0257
878.3996 381.9588
199.4560 771.1312
321.1677 516.7183
907.9370 71.5686
574.1334 428.1218
723.1177 749.3355
913.2297 140.0518
882.2450 140.6310
919.6348 797.7374
396.9946 396.3071
936.6087 769.7051
926.0397 701.3945
9.2672 454.3695
107.3007 786.3951
284.5617 791.2796
543.3005 395.1299
938.5605 680.8478
468.0208 154.2491
112.6468 129.9954
458.9145 205.8119
186.1991 589.2943
790.7677 454.2250
757.2828 140.3959
856.1465 717.6342
826.9898 412.2245
86.7378 535.4047
184.7812 112.4895
323.6017 198.4377
260.7853 188.4170
753.7567 763.2279
301.9458 578.3060
11.4357 522.9467
692.7686 49.6995
118.2248 245.4451
405.4166 402.0164
895.1184 562.8456
310.9779 93.9326
916.1304 236.0301
614.6254 175.3029
133.5688 122.5485
747.7348 484.5912
415.8456 439.3876
470.8281 430.0142
664.0944 174.7293
247.4654 603.7916
873.1351 65.4962
446.7480 563.0129
78.1027 451.3350
61.7580 438.1194
505.4871 458.1613
149.8524 262.4941
520.3415 92.9920
205.4015 466.5181
90.9416 408.3003
808.6921 362.7458
513.2478 365.4388
57.7368 369.9026
806.9154 578.6241
395.9487 653.1626
745.8045 462.6490
45.2898 275.6231
63.7599 795.2989
934.5828 55.2153
933.7756 25.3879
408.8669 615.1777
765.8277 782.6666
645.8808 336.2896
992.8566 305.9837
869.6203 725.4138
375.6455 546.1843
661.7925 431.4402
653.5341 278.2159
178.4736 429.8068
528.8425 582.2865
222.6902 2.7786
22.7353 238.6904
673.4999 435.5563
531.9336 658.6883
247.5120 276.9278
275.6497 749.9283
725.0239 90.2757
809.4782 335.3925
766.0535 707.0053
15.6458 164.8653
100.8967 26.8610
597.7849 562.6290
48.6763 592.4329
402.2654 187.4714
217.2692 690.9842
56.4440 403.1167
289.2635 652.6290
731.5175 255.1230
597.9177 538.0255
320.6651 241.4115
143.2604 528.1699
221.0427 240.4008
60.9576 758.8162
879.7139 729.2621
625.9931 341.7605
495.6208 777.8322
941.5864 537.0740
785.8046 254.9876
416.3246 119.3741
376.4602 603.5329
473.5188 679.4727
300.7364 566.0614
805.7762 731.7929
562.3859 774.2290
557.2868 107.2742
242.8585 162.6694
646.7059 737.7809
847.1334 73.9712
724.5847 152.3853
268.4616 538.9375
602.9220 698.8964
188.1633 609.3571
724.3052 447.0804
479.3942 695.5791
332.9643 765.6158
15.3337 749.7278
962.0776 93.8530
999.5720 383.1367
242.5932 483.5212
204.5131 732.1012
552.0793 620.4111
380.6617 426.9201
359.2596 209.2493
512.8165 397.8218
98.6082 785.0548
469.4904 671.7849
914.3305 296.5639
413.9302 450.0198
221.2741 116.7382
260.7741 747.8066
579.1429 334.0625
152.4114 263.8922
379.8398 666.6902
499.3015 523.6864
684.8466 205.8614
821.5919 773.2066
641.6945 392.4765
168.2336 635.9804
169.2657 576.2508
488.3163 733.5195
542.1369 513.4476
58.7321 27.0590
846.6974 756.1505
668.2155 611.4711
412.3922 674.0358
231.4334 565.7357
9.1415 404.5863
373.2007 494.2682
666.7547 493.2155
483.2042 390.2835
6.6124 441.3148
11.8510 423.5341
274.7407 781.9835
17.1426 650.5258
674.0330 644.9342
909.7734 85.6131
96.3139 119.1180
191.9321 421.1648
815.2144 213.8598
396.8964 298.4413
406.0274 452.0017
990.2330 180.6858
684.0416 678.2937
653.7357 686.5753
759.5859 74.8004
379.2640 442.1612
56.1149 7.5601
171.3836 399.8867
433.9097 627.5010
565.8566 686.3683
95.3618 422.5273
42.5518 169.1336
868.1169 710.0434
475.5003 37.2496
74.3481 740.4678
899.3117 450.8079
32.9018 743.0131
314.4847 769.1754
587.0361 601.8036
712.7114 318.6368
76.9375 129.9602
240.4722 667.7204
389.1566 717.2206
331.7298 604.4874
139.9506 790.7824
724.1636 400.6343
974.3233 42.9571
437.0883 670.9397
340.5927 615.2045
954.8584 317.3624
773.5549 23.7005
273.3270 794.0687
490.6035 284.6490
941.1428 345.4784
679.6949 528.5375
85.6941 494.8927
798.0552 570.4868
82.0380 123.3768
711.6772 507.1207
739.6553 253.3426
106.5509 4.1562
308.2675 287.9340
269.7664 106.0056
187.3918 359.0749
554.7400 326.4353
26.2619 283.1314
93.0643 478.4350
324.4303 308.1903
291.8474 310.2396
84.6995 720.9088
905.2076 782.5385
571.9604 135.6663
380.7320 111.0720
301.1313 394.4992
63.2672 347.7410
421.1023 387.3851
76.9214 201.3598
246.5901 500.0270
593.8064 156.4386
106.9724 243.7264
948.8235 265.7738
620.1922 643.2612
329.5417 267.7890
815.4755 687.6068
974.2254 108.8996
320.6652 757.8231
200.8515 251.3466
964.5746 774.9802
291.4482 555.9662
491.0073 460.7034
242.4243 300.8442
816.4945 314.3481
113.8878 451.0804
592.2270 436.5033
681.7126 440.0793
953.0046 369.2978
708.3671 350.7640
291.3312 554.2682
818.9656 636.5255
409.1416 399.4426
633.3360 193.6169
658.6630 572.1891
789.0768 59.1721
990.7006 383.3878
400.8051 405.2901
920.3922 553.3671
543.6452 632.5767
359.5295 716.4012
536.9060 510.5443
84.9819 615.1632
657.6016 284.0071
646.9998 35.4374
983.6082 541.9775
399.6177 602.1462
965.7168 344.3644
10.5478 206.9907
510.6762 415.0382
580.5183 460.1883
445.7786 312.9073
772.3422 470.8720
500.4658 275.9739
24.5627 83.6395
415.9754 769.3823
116.0693 752.5409
141.6752 249.5123
455.3326 165.4939
482.9260 380.9300
438.1659 557.4106
318.9095 240.2113
810.1859 92.0682
849.1800 518.3759
677.1393 131.4833
983.9005 195.1304
174.4532 128.1086
559.8490 766.7701
231.8555 324.0379
184.4518 512.3831
432.1345 23.3538
614.1069 157.8595
592.2032 311.0686
704.7356 164.6276
752.3255 646.9838
62.5638 81.4016
871.9793 149.5679
325.9849 366.0403
262.3534 690.1092
527.7150 511.2869
596.9708 489.0467
587.0047 278.3397
845.5178 493.8901
813.7383 564.7907
297.4448 491.5876
84.7520 107.1582
117.8617 244.3040
183.0445 554.7492
510.8249 334.5913
137.8673 306.9680
185.7537 508.4013
693.4329 516.2081
999.8996 443.9301
489.6420 112.2372
314.5800 360.8008
53.6113 287.2313
9.5834 109.2278
815.2159 771.0633
505.4380 395.9759
684.6967 332.5043
839.8918 390.9596
82.6706 24.6886
761.0566 233.6719
274.8529 430.0869
168.2090 365.8571
742.5183 612.7356
549.7262 90.5688
114.2067 620.0904
823.2828 293.4894
822.6109 33.2884
718.9802 437.0826
989.7757 81.9332
830.0707 601.0764
297.7089 799.4501
449.7323 278.8616
816.7286 351.2559
993.9577 620.5053
236.9461 648.5622
587.9239 280.5047
710.7540 506.2165
165.9816 111.3880
206.6197 165.5542
59.3578 280.6524
281.0850 431.0148
323.6536 563.2430
289.3332 213.8745
858.0168 788.3906
679.2993 76.1801
962.7720 628.5528
918.7687 793.9890
867.0476 101.5105
866.0788 199.7418
711.3948 662.7854
761.4736 540.9876
489.4587 461.9404
268.7172 331.3801
451.9917 506.9022
880.1251 74.4758
515.6135 222.5806
936.3361 295.2569
950.2541 261.8314
2.4731 619.3082
732.7240 584.7455
458.4493 531.3151
358.2227 50.6645
534.4245 174.2639
429.6431 169.4812
268.5368 662.6749
337.7552 462.3469
566.1421 388.2703
343.7396 546.0415
48.4093 79.6598
783.8898 367.6654
124.2372 686.1213
441.2859 0.5407
958.0318 161.8546
688.5919 105.5305
649.9972 127.1820
932.7256 219.2156
654.5880 200.3114
371.8438 723.0402
165.5251 317.0733
305.5092 559.5531
234.1438 524.3882
703.6980 0.8690
476.8067 106.1598
226.1909 543.9862
9.2869 556.4777
817.1090 790.5239
422.3139 105.7401
70.8283 306.4559
730.7634 81.9417
313.3515 704.7912
137.1293 618.7684
753.1578 106.5170
992.9402 114.2825
530.5083 6.7798
650.0202 352.0795
722.4320 502.4640
151.3741 329.3679
686.5662 687.9700
86.6880 80.3721
752.4456 471.6591
384.0319 770.5990
314.5037 111.8642
276.9677 67.3990
553.3966 480.0063
607.5931 623.1757
690.4761 678.3137
658.4054 241.3195
517.7491 407.6181
747.8436 236.4336
54.5691 718.3300
954.6715 395.9102
112.7437 399.6660
593.9298 422.6292
977.6969 789.5060
933.9244 105.5863
860.8140 454.7043
365.4125 546.3536
762.7259 763.5624
770.3670 13.3515
67.5326 209.7482
39.8269 48.3751
789.2900 405.2885
628.5707 400.8392
415.4320 561.4485
82.4278 429.2519
616.0471 221.9742
309.9069 409.0438
203.1975 646.4481
536.3902 312.5852
634.2942 667.6212
681.0557 52.8921
698.6759 583.9667
846.4681 46.3248
86.2128 347.5869
453.3718 487.0659
309.2901 593.3548
740.6582 95.5544
707.9006 561.1997
163.8326 762.4130
523.0054 626.3897
720.7655 133.5704
126.9306 624.8992
268.7645 709.1318
771.4303 23.4850
807.1078 217.5845
63.8720 569.8586
576.6517 61.6560
455.1978 288.0991
499.6100 453.5089
367.6878 204.0929
102.9049 459.1298
722.7784 182.7235
508.8249 35.2303
862.9285 195.6412
471.7646 306.3836
150.0847 744.9281
857.4852 442.2918
913.9477 592.5327
419.3693 257.4416
416.2566 576.2303
271.2580 62.3097
372.8082 401.6328
901.9410 143.4755
804.3380 785.1311
954.0794 55.1412
465.0942 225.8455
844.8465 261.8407
553.0914 6.3753
200.6712 451.0454
303.9093 498.1740
463.9267 473.3527
493.3607 618.0906
195.4224 720.3546
760.4822 196.1015
6.3779 328.0289
232.9977 277.1390
839.5740 701.7589
950.9903 1.1696
657.3039 679.2048
727.2150 83.1592
529.8145 190.5341
492.0289 47.9161
996.9593 569.3220
93.0266 737.0195
897.2875 415.8074
700.8469 297.9936
974.5548 67.9219
95.5770 106.8111
819.9629 59.8644
567.8207 347.9863
964.2183 189.4174
260.9909 252.0071
800.8168 560.5805
735.3529 254.4462
271.9559 59.7499
202.7126 623.9496
584.7080 124.3284
164.3750 372.8441
406.5126 428.7396
964.6347 166.1090
308.3077 212.0063
119.9136 126.0923
686.0548 661.1094
696.8780 32.2638
835.9248 262.2349
91.2129 198.5750
355.7428 410.7677
677.1834 208.1334
990.6766 24.8657
404.3922 361.7609
748.0784 199.8821
462.0432 643.1174
139.7930 9.5655
830.3723 786.0538
130.7152 658.9387
372.2397 504.2380
644.6850 465.8590
258.8207 650.1977
21.8002 51.5776
902.4961 354.7451
128.7915 724.0624
829.3562 265.2399
42.6963 368.7959
167.9892 459.1074
821.6854 315.9990
29.4823 546.5703
172.8072 171.7729
187.1511 223.8836
883.4238 27.7196
619.1765 196.6278
295.1052 329.5938
550.6887 48.7833
279.7760 109.7888
199.4578 707.7220
525.8141 504.6035
802.1681 635.8770
989.4036 625.5326
359.1121 435.6142
484.6795 730.1416
502.3933 310.7050
179.8159 255.1021
219.0202 716.6118
778.5383 46.8730
991.5313 423.5458
766.8422 799.6846
973.9799 80.1075
656.8644 213.2216
816.2852 733.8076
55.9087 797.1136
219.4116 677.2041
797.3907 283.8437
839.2223 676.1767
176.1004 474.0156
806.2102 558.1013
913.9800 22.5653
700.5608 758.0470
563.6065 450.4871
188.2337 790.4050
881.6264 393.7814
309.0531 392.3491
90.2574 186.0987
218.8089 421.1588
0.6835 734.3169
201.4644 104.3916
716.9376 735.0246
844.2841 258.8710
21.9129 469.2873
917.2241 619.4932
846.4809 688.5356
960.5588 298.8726
941.9232 316.4764
101.0322 241.4121
136.4517 126.0031
948.6935 633.4740
960.6621 519.3442
174.2027 774.9943
693.5604 743.0762
786.9918 178.5898
588.9502 140.2813
306.8232 550.7988
127.3484 583.0648
948.7881 758.9585
391.6014 795.4265
965.1839 25.9062
602.3887 736.8306
967.5317 176.7162
565.5502 749.3502
140.6434 596.2747
237.9959 785.9037
167.8874 708.2562
88.7260 567.1727
639.1027 709.3228
446.6299 212.1700
249.5409 54.2358
256.6579 86.4277
1.2812 308.7497
732.5845 775.2815
884.5520 394.4656
378.7126 436.8192
101.4286 383.5914
864.0507 520.7757
687.1604 130.1252
73.7094 676.6100
294.9086 254.9735
951.6621 59.3603
170.1052 300.3663
731.9851 437.6370
898.1242 74.4837
594.0305 490.9158
482.7368 24.7946
942.4423 131.9978
889.7533 125.6830
101.2578 164.4404
189.9843 557.7574
722.0381 583.9792
265.2648 225.2185
237.5483 39.7084
571.7698 671.8836
153.5899 288.6631
427.6060 235.6396
662.0202 480.1724
199.6748 20.5886
170.8322 233.4492
81.9361 675.0153
308.3534 317.9739
489.0968 528.8320
91.1369 435.3008
184.8812 708.3942
369.4017 356.6202
263.2960 372.0464
226.2423 214.8496
61.6394 601.7881
667.4685 68.5658
343.7914 433.1592
970.7055 471.7812
553.6019 672.6377
818.4052 334.9057
535.5144 693.5152
474.8244 705.3231
476.2623 63.1640
902.7772 571.4446
502.1015 720.3640
800.4503 542.0279
620.2731 96.2255
757.1888 138.3032
984.3680 777.7319
808.4607 100.9488
423.3749 790.6239
435.3932 797.8154
627.2262 667.2865
257.8864 728.6436
914.1739 53.6096
388.0992 317.8840
326.1268 220.9607
458.1572 698.7730
786.5506 498.4463
522.5620 335.6751
414.4424 118.5598
587.9341 606.7019
939.6500 739.9425
562.6838 80.7924
286.0929 428.5068
343.8692 328.7120
383.0435 388.4678
608.9622 29.9725
275.4141 115.0821
608.6553 554.9290
38.7825 711.6594
331.4941 190.0634
745.7498 736.6680
897.0314 16.1863
817.3859 242.4440
280.3467 393.2954
696.1828 78.5739
868.9000 107.5084
974.2194 354.4885
825.8233 215.5360
416.7727 516.4438
187.9357 169.1124
823.9694 592.7558
759.4933 693.7512
821.0174 412.2158
158.9724 248.8985
506.7953 108.5199
851.2953 703.4661
28.9482 154.2108
832.9299 669.5813
249.4903 365.1589
918.0311 563.7072
273.9775 658.8050
505.1264 508.3278
123.8729 24.4506
372.4668 475.2349
177.5837 696.3846
586.8802 279.8079
163.5136 715.5935
748.9611 551.0804
285.0694 309.2525
162.9074 457.8064
964.9176 685.6889
647.3799 542.1562
269.0836 327.6058
20.0524 624.2429
767.5727 7.1184
911.5154 517.8972
601.1420 6.7710
252.3904 644.0685
305.4597 773.6196
642.7403 339.0454
376.4755 278.9674
251.9987 373.3584
677.1962 659.4487
397.1525 81.8497
511.5137 529.8844
843.2840 299.3838
647.3421 487.2401
298.4759 86.4836
63.8371 790.6888
640.5947 689.1933
261.1469 568.8750
892.3738 239.0329
149.9293 612.3795
899.6870 644.3439
802.3637 480.0266
660.5303 544.6046
721.2832 524.3205
997.4691 207.5410
418.5657 310.6199
35.3190 566.4552
572.0424 151.9321
726.5499 177.8906
534.6351 627.9176
906.5265 537.4948
507.3149 676.3354
840.6387 701.1958
181.1359 78.0825
127.9441 206.9215
808.3439 610.3346
183.0684 543.7699
335.6325 71.4399
355.2834 595.3679
307.0853 630.4723
331.3171 208.4474
294.0511 680.9711
470.5366 693.1147
583.5746 755.4408
71.2157 711.5408
500.4774 693.9982
381.6692 238.6846
54.0620 683.3918
137.3653 160.2373
409.1918 455.5229
906.6209 366.0571
316.3835 572.5348
778.9412 390.0647
631.0328 141.4594
634.4990 3.7708
273.5279 608.9546
168.6058 611.5870
489.5771 610.8553
88.0413 491.5838
633.4875 322.7148
965.3278 306.6531
37.7253 159.5314
373.1014 11.2617
322.2131 666.5829
190.5767 541.3985
626.6869 199.0585
693.5247 275.4798
128.9308 306.8404
588.6707 133.6161
823.8438 238.5618
290.8278 582.2655
596.3699 270.2681
887.9740 796.3779
342.7328 721.1070
359.2509 150.7408
948.0844 734.5643
403.3916 182.7346
727.1688 104.9646
734.0766 471.7543
168.9847 293.2732
650.5404 29.8907
876.5441 204.6313
534.7334 38.8696
994.6802 529.5759
653.5676 15.7934
689.7497 333.4205
380.2538 437.8259
474.3963 122.5017
695.1920 504.2491
301.1165 529.3317
662.4830 215.9817
605.6343 109.7308
830.6527 83.9314
718.7662 94.1877
114.0126 85.0110
198.6467 159.7995
262.9939 418.5169
201.6732 562.7494
295.3512 31.5246
496.3547 166.1552
933.1243 264.4829
2.7380 537.3065
906.8800 668.1857
669.0219 119.3156
90.0827 409.3643
723.5636 81.0324
255.8921 184.9282
988.6659 236.8177
464.2774 79.8471
174.7018 31.5556
290.5672 641.2769
312.7071 590.8322
94.9985 606.5632
45.8891 681.5990
663.3550 136.4098
357.5274 350.1716
621.8070 702.7804
92.9513 651.9714
182.8694 320.6220
962.3099 217.4665
385.7155 680.5373
799.8991 519.0772
796.9096 90.4452
696.1699 46.9171
942.4670 127.5163
416.0277 472.6002
802.2648 542.7145
181.2606 303.8006
358.5989 23.0530
684.4641 670.8292
973.4446 104.5243
920.3980 90.3500
411.2843 36.7779
261.6129 251.3904
704.5682 542.3431
767.5287 461.3192
565.0122 782.3164
669.8444 270.6405
523.1032 560.4641
95.2421 529.3706
248.5770 276.5996
676.2956 307.9013
839.0330 446.6754
987.7916 43.6529
643.3987 125.5419
848.8456 681.4969
869.4156 59.8922
491.6480 192.7135
970.1450 40.2806
222.7065 514.6539
403.2770 188.0000
459.0946 641.0090
448.0986 685.2714
447.0681 94.9655
497.3733 522.6984
102.6433 329.8708
557.1310 0.1358
90.8955 483.3626
619.0662 243.6784
508.3377 165.4810
671.4744 760.2841
363.3425 43.4202
222.9181 363.5680
560.1508 495.8064
473.1337 525.7338
715.9135 91.2187
759.3200 177.3977
341.3571 663.9071
964.4337 233.5869
521.9851 561.6768
45.7781 131.3243
140.4492 573.4849
721.5591 85.5692
610.8518 150.0347
930.2163 314.3172
457.0460 625.1363
716.7879 86.2126
414.4703 741.3012
837.4662 471.0489
772.1452 360.4037
658.4567 764.9523
134.6360 399.0629
530.3643 38.8573
935.3083 671.0529
482.9320 406.6663
921.1623 141.7620
578.5544 584.3957
128.3818 309.9245
600.5460 706.1567
504.1101 307.7301
979.5008 732.7282
762.3747 218.8767
963.5935 776.3933
452.8457 106.6975
412.7455 560.0114
748.4269 239.1305
701.4943 688.5660
711.8744 748.4097
632.5833 160.7113
624.1676 232.4636
345.2936 537.8990
981.3355 520.0691
958.3265 403.1148
694.3120 257.9051
115.4053 281.7902
480.3699 456.5106
667.1572 333.9823
747.8687 673.1114
285.9280 677.8409
808.3048 418.1840
25.2721 116.2614
670.2542 159.9219
750.1850 128.7483
286.6155 200.4488
839.3818 552.4759
295.1406 602.8752
32.3064 651.2210
102.4800 694.4283
739.4925 691.8732
742.4127 449.0164
237.5955 627.4457
798.8218 230.1109
664.4936 741.1878
387.5546 765.3616
975.8227 250.1232
552.1246 10.3722
251.3411 496.4494
780.9249 696.0945
829.9835 729.1891
704.6291 518.1059
755.1077 437.2921
603.3870 620.9174
964.2898 235.3422
177.4259 546.1271
186.9766 139.0361
513.8469 301.7586
428.5078 445.2789
130.0665 467.1888
255.0161 264.4502
709.6893 123.8446
153.7034 258.1040
50.8554 745.9055
615.6087 529.5122
490.5509 458.1416
358.0856 627.2252
317.8590 175.9696
183.8691 54.5412
505.1404 332.7450
537.0360 73.5564
221.1981 170.6830
331.8835 288.6383
218.4453 602.1246
530.4989 797.3049
823.6884 784.9066
8.8037 535.1508
445.6672 723.5972
613.7011 496.9054
958.8968 546.0411
320.9370 732.7459
944.9877 308.7007
540.2373 226.2632
911.3359 657.6873
374.9580 642.2534
445.5569 35.0813
898.2816 154.0099
513.8947 758.5695
167.3948 765.0210
537.9748 5.8645
65.4718 536.2681
773.5823 691.9607
424.2095 83.1414
537.7542 562.1943
976.2239 620.1654
646.5612 751.8009
746.8908 123.0037
459.2252 265.3723
87.5209 43.4145
794.2148 446.4674
574.9623 182.1165
258.6480 310.4261
630.2173 346.4200
16.8910 538.6390
534.8344 513.1382
618.3494 604.7685
585.6080 560.7056
72.5894 742.4382
106.1355 629.5135
301.3507 69.2042
765.2742 350.1409
395.1133 528.5785
473.9877 426.7742
136.3815 312.7941
797.4846 436.5796
960.1343 115.2604
677.2890 731.3351
795.0171 583.4597
373.1305 759.5721
553.5242 444.0558
123.2352 4.0239
596.6549 429.7216
946.9794 243.7529
748.2966 722.8371
343.8516 330.1236
645.9315 410.0422
160.9544 176.6304
834.7484 155.4610
181.3580 639.7280
852.2511 681.1102
932.3699 795.4504
461.2652 439.7317
290.6527 53.8902
98.2024 580.4714
487.1904 264.6807
128.2151 524.3784
100.0451 495.6126
900.1186 254.2287
450.6460 493.0739
305.6755 467.3359
565.5520 291.5947
316.3332 342.6459
4.8319 196.9401
221.5257 591.8530
436.1241 672.0880
134.3058 586.3782
877.8858 370.2787
358.7416 244.3774
551.6718 140.6161
606.6277 673.4344
858.7137 112.0013
538.6180 210.5877
886.3358 61.1699
75.4000 14.9042
507.1783 24.9554
581.8905 324.1076
590.0363 725.0429
551.5940 434.7755
998.7282 377.6832
775.1972 292.6549
223.3066 617.7159
733.2268 232.7993
464.7011 408.3296
396.7852 401.7338
662.6785 678.3855
806.5401 491.2288
165.8436 411.3093
446.2204 143.3161
948.7118 527.5306
967.7356 588.7358
483.5034 287.0364
218.8191 390.1137
62.8612 295.5481
42.8084 165.4193
907.7261 289.0011
469.6742 363.7148
46.4375 784.4718
324.0711 562.9890
521.3729 663.7177
834.8723 210.6529
544.3501 139.0799
653.6753 292.2374
653.3365 668.3753
516.6629 301.0630
907.2424 413.0974
352.8980 694.1755
486.8616 385.6881
604.2110 401.4696
138.9683 132.4847
77.0882 514.7816
211.5171 149.5245
362.2229 573.8422
118.3302 184.2771
811.1726 576.2045
481.5166 383.0517
210.7040 128.9970
833.3650 17.9568
43.1443 458.7892
161.1291 503.6323
39.1909 457.8154
55.9120 206.6077
180.0375 766.5907
599.3575 450.8838
18.6200 575.6378
661.7451 226.7637
85.7485 359.3627
992.7758 693.8419
170.5668 664.2909
600.8387 635.6929
820.4532 145.5073
659.6488 211.6166
724.1868 274.1370
453.4701 472.4768
229.8138 308.3695
108.5701 161.8788
859.5917 403.4876
419.7950 119.6490
96.2986 380.6953
614.7482 31.2293
783.8682 402.6634
117.5164 385.7927
130.3288 482.7797
827.5218 717.5752
774.8704 519.3854
522.0442 296.3020
43.4383 423.8532
229.4863 641.8402
789.5556 304.9892
589.0481 593.1152
761.5392 557.3661
97.7169 107.1065
477.1412 186.0103
859.0532 226.6133
876.7663 326.9174
189.0210 567.3191
789.4225 462.3897
117.8286 5.7552
654.5461 550.2134
315.9017 289.8158
154.7786 521.2607
253.6327 683.9815
423.5615 292.5153
275.5605 544.4846
754.9719 330.5825
783.7884 385.9742
370.2130 443.9291
253.7776 245.3225
344.3563 564.3957
735.7824 683.9991
659.2828 598.2514
446.5949 559.4492
161.7951 171.5665
400.5609 270.7503
550.5762 557.6459
706.7899 128.5904
964.5703 4.2325
91.0886 116.2627
925.8618 348.3019
64.0805 177.4162
80.0397 30.2043
384.3260 787.5585
613.9656 416.8044
711.6058 477.9781
945.7159 656.1830
640.2913 351.1776
201.7072 525.5074
803.9099 228.8052
33.6094 479.6119
515.8136 185.3368
169.4829 28.8489
239.2566 0.2298
157.4448 797.4537
779.6729 282.5021
395.1431 468.8641
517.7427 589.5404
68.6172 72.1327
284.4938 663.8118
915.0090 278.4762
963.2877 221.2063
606.3634 155.6202
929.7138 459.9254
261.1075 325.7077
106.4650 57.9088
294.2518 757.6124
802.9422 765.3675
876.1130 650.5179
574.8939 555.3535
966.0555 450.5349
769.9672 605.9786
961.2387 367.0787
460.7204 469.4612
27.3507 93.0146
67.5543 506.9294
994.1980 541.5304
229.9301 252.5846
955.4457 413.2034
9.7232 665.7416
248.2576 74.4075
673.6979 656.8598
76.0288 745.1170
476.5555 282.8303
894.3163 215.2606
947.1181 546.4858
909.9275 399.1995
199.6665 588.3433
872.7425 165.4229
202.7666 199.7563
618.5969 124.7965
106.6893 736.1505
675.8121 530.7393
613.8270 611.3954
541.4740 33.8105
482.2921 496.5340
492.3404 788.2891
896.9998 695.0151
490.8054 787.5157
916.0068 224.2133
222.0928 461.3321
54.1482 639.4159
478.3201 432.6144
502.4752 314.9735
686.3386 139.8403
976.5072 558.5957
460.0706 551.3684
11.8200 168.6019
581.0082 260.3490
612.7781 207.7606
548.5634 189.7113
471.3454 490.4672
365.9242 399.0160
210.5325 560.5701
372.3096 683.4609
279.6295 143.9114
131.1392 460.7142
228.5667 79.8958
269.9491 188.6441
432.2188 304.7067
145.8437 767.3183
149.5481 644.5347
176.6073 399.6783
995.5618 679.5119
517.0070 576.4483
785.3329 240.0273
562.1385 454.2676
398.4019 552.4345
60.0364 651.0545
476.5394 503.8898
449.8548 267.7252
360.9620 448.2800
931.8446 206.1719
19.8353 96.9900
867.3686 770.4932
198.9581 460.7156
649.1310 139.6311
780.3091 284.0872
673.1928 389.9950
736.5262 711.7060
381.0710 229.2189
631.7122 115.8787
167.5755 646.1737
337.3883 505.0187
571.6376 679.1206
71.3441 129.5996
228.2179 253.5026
291.3564 213.9779
644.6443 216.9985
444.8984 690.2452
363.1648 469.5358
965.5260 331.1912
183.8862 18.4809
727.7724 529.6180
940.4373 560.5575
80.0647 133.5284
103.0093 51.0339
878.6910 438.7470
26.3649 317.6100
764.9964 66.6010
262.4523 124.2195
654.8327 708.3771
309.3707 197.9172
284.1753 501.1845
131.2771 670.8142
28.5713 530.8393
860.3688 260.1611
476.1547 779.9852
540.5842 217.9315
444.8449 775.6338
697.6229 141.6293
597.5842 504.8380
635.8511 451.1876
523.4598 511.6226
309.6613 277.7346
539.6681 643.7662
441.8603 292.6267
259.8070 242.8583
0.0923 652.3038
847.9465 275.1079
469.1980 6.6537
922.0884 757.5660
477.0671 7.3061
430.4353 234.3381
231.2154 5.7744
373.6439 329.3887
560.5544 315.8017
163.2695 589.6943
389.7233 302.6864
262.9803 337.7915
239.5618 611.6306
909.9544 646.0600
684.6403 227.7415
742.9269 647.0469
412.9039 682.7856
182.4072 231.6762
636.8927 494.1835
272.1341 498.2030
187.7894 15.5163
49.6321 427.9766
185.9376 81.8188
269.1951 572.1568
727.1071 186.2484
150.6837 394.8636
341.9129 249.2613
799.4624 798.3708
463.6845 633.1398
330.2486 674.8370
951.6440 44.8307
775.6529 57.1078
470.1468 153.7538
841.5393 653.8006
828.2520 97.5692
768.1457 199.1699
771.2253 354.3688
737.6190 26.8082
460.8346 616.7968
521.1391 785.6927
472.8255 545.1539
312.1094 258.4506
629.1643 33.7487
937.4209 416.7410
253.3127 510.8160
198.7236 710.0157
863.6577 174.2306
112.9285 506.3272
324.5135 133.8883
276.1000 95.7197
789.1438 7.1439
41.9934 626.7802
475.2707 476.9698
371.3987 71.5839
157.6985 73.1212
618.6449 744.6790
996.9731 500.1059
59.7751 515.6599
701.3281 633.1730
125.8275 186.1397
981.6757 630.8495
756.6975 644.4203
438.7189 154.3722
689.2500 286.5340
134.7322 718.9304
485.3021 350.0000
294.7146 557.6302
189.7758 149.3014
347.6647 585.9219
275.3245 665.0797
914.4740 443.6162
68.8766 124.0204
295.6727 210.6794
367.1127 0.5759
638.0261 303.2349
185.5343 14.9759
856.8293 620.8133
238.7866 576.8029
658.2894 431.1652
387.4908 419.2558
497.5492 441.1742
613.0392 258.0800
640.9039 88.3713
523.2005 53.3439
835.1934 103.8194
873.4928 161.6632
485.3703 79.0029
571.0122 669.0396
657.9213 420.6571
701.3140 204.7508
366.3540 484.7629
70.8740 744.1688
208.7381 393.1244
889.7673 63.9654
801.0199 48.5602
558.0199 750.5951
415.9532 295.2549
708.4338 658.9144
265.8156 32.5225
70.3881 243.1236
944.6035 768.4694
97.1193 580.1375
531.6611 151.5683
526.1920 199.0104
625.3251 143.1183
749.1944 332.1477
105.5142 510.8994
357.9634 366.9765
665.2424 706.2592
166.8093 144.3172
401.5572 270.0103
158.1765 798.7469
443.0122 281.8593
315.1550 793.1704
324.6541 297.3756
764.1844 344.4705
725.8677 486.7307
563.1447 171.1425
765.7082 740.9175
254.0891 769.3214
447.4998 317.6724
726.3133 786.3652
595.7628 414.0875
993.4120 241.4733
300.3340 177.5094
855.7204 17.3611
821.9399 551.7753
275.9571 442.9305
556.3231 740.7380
154.7148 30.1890
355.6558 110.7266
367.0829 465.7246
232.9941 648.8594
91.9051 319.8386
917.8818 587.4128
723.5805 634.3234
172.9025 660.5642
689.5951 460.9860
907.6556 476.1850
300.3933 584.6315
576.2837 62.7819
55.9227 616.7212
347.9302 653.7134
416.5217 694.2649
869.7865 181.3741
652.7792 481.8413
11.4344 621.9349
382.4870 243.8267
41.1823 431.9438
149.5800 401.9213
220.7972 40.4159
731.5786 314.3062
445.6162 476.1058
504.7293 177.6685
289.7830 315.4579
132.1890 66.0361
571.4406 39.4489
399.1913 68.0632
501.8231 619.0601
130.3752 107.8966
559.2962 390.2889
652.2484 156.8794
615.9968 588.5342
246.2458 57.3152
776.7719 258.7293
924.1381 71.6757
671.7476 338.8325
348.3079 256.5907
593.8771 19.3655
304.8188 790.1215
616.2210 792.1273
442.2101 116.6548
44.8776 654.5375
199.6852 299.0566
757.7338 682.2113
112.3717 43.6304
948.9409 741.3838
868.7524 656.1072
13.7333 555.0362
111.2780 360.0493
22.7481 167.2076
538.0055 163.0411
523.2659 206.9264
483.0263 583.9389
141.3474 559.0042
18.3885 466.4040
663.5283 34.7856
170.3196 227.2108
789.1885 494.3718
53.0852 523.8063
8.3342 310.9161
271.3104 681.6664
660.1004 691.4258
19.0783 693.9284
649.4111 184.9349
380.7012 781.2896
99.6037 252.3648
866.7727 425.2485
186.4174 400.5207
457.9863 741.0800
21.4885 197.9137
529.4154 266.8557
393.3998 125.6042
346.7799 281.5305
625.2310 188.9638
978.2443 401.0012
811.8929 500.6339
878.6773 712.3217
814.8586 23.5727
554.9394 224.1551
151.7082 717.7403
656.9318 70.2360
382.2071 768.4846
612.4484 500.4197
227.4280 192.2886
152.7492 776.4297
909.7354 263.4278
542.2338 165.4058
138.5765 433.0831
800.1051 690.0701
308.9984 564.1091
523.8055 108.2020
995.6858 780.6215
145.1524 746.4240
917.1121 253.9970
557.3403 758.8813
118.3873 254.0781
879.6381 581.6636
765.4350 704.1055
414.0402 329.0014
443.0045 747.0148
894.1301 746.6000
273.7962 623.2863
106.7714 147.7972
762.4475 489.5853
266.8626 453.6345
230.9113 185.7460
687.3779 287.4091
688.1413 381.2818
502.3246 483.7694
712.0191 299.1675
852.1294 393.1565
137.5127 154.6079
32.2296 611.6311
15.0143 215.8870
413.0440 593.8933
988.2434 606.2213
66.1363 741.6826
985.6276 693.7032
489.9429 259.9165
457.5449 197.4271
404.8668 33.4610
735.3318 304.2993
312.8975 489.2039
742.4679 475.0446
525.2305 700.6264
786.9199 416.5193
451.6096 661.6081
42.4159 796.6691
518.7027 316.4890
735.1701 446.1608
516.1267 504.5188
49.2954 232.9435
398.0399 243.6433
827.6210 369.0777
422.4622 490.5074
54.5467 413.5757
142.2396 663.9148
451.6981 578.1174
113.1716 622.9849
937.8425 556.8913
135.3067 330.8474
450.8859 143.1029
590.3155 570.1075
201.9320 363.7466
250.0823 553.3739
907.1625 637.1890
718.3747 98.8354
114.1649 359.5187
362.9434 419.0538
384.0874 632.8533
511.6665 759.8031
378.6786 304.4856
768.2603 729.8022
565.4916 527.6243
150.0897 695.0548
178.8668 569.6380
419.5817 247.6146
768.6304 357.0066
626.4528 94.0432
131.5710 162.2814
622.5603 202.4888
458.6427 684.3288
543.5012 4.6004
882.7029 190.3027
588.8623 380.5696
410.1514 63.5239
600.1021 195.7705
547.3416 495.8128
557.5486 660.2020
48.9188 118.6049
653.2769 29.3768
853.8293 533.5972
838.0144 238.7532
920.3847 39.2251
416.9569 142.5987
672.0905 488.8718
691.5136 475.9752
787.3076 141.9354
455.3378 463.1730
931.4798 74.5010
299.2945 294.8555
378.9394 54.1333
427.3238 440.3769
292.8327 107.6366
694.6194 219.5348
527.0527 419.7170
695.8295 489.6430
109.3022 583.7828
628.9786 789.7514
483.6630 550.9234
933.8917 789.0228
287.1873 487.0757
316.4886 420.3130
995.0243 283.0827
129.7131 450.1075
519.7058 505.4861
492.5045 143.9258
609.4058 566.8697
979.2577 1.2647
23.9868 500.3686
117.9257 678.4558
799.5644 799.1896
414.0411 267.0338
560.4155 510.0028
11.2973 160.9497
281.6267 632.1564
307.7725 405.3517
323.9238 4.9050
685.8358 273.0893
724.3966 492.7947
29.1174 140.5033
330.5148 270.3495
672.4730 732.9304
797.2544 516.5218
481.4955 501.7604
892.0583 429.5740
335.1097 627.1912
413.9531 594.0677
835.1057 239.4750
724.9642 252.4023
535.8855 166.6100
685.4933 639.6283
888.0295 282.8764
969.6133 224.3680
31.1732 786.8950
626.5108 673.9246
570.9816 311.6530
595.1919 691.6750
751.5402 564.2129
314.4994 25.3026
413.8696 397.6435
237.6422 361.5251
950.7267 172.9119
302.3183 89.7850
784.9440 622.2323
913.3538 355.0193
24.9348 386.1306
500.0543 152.1693
923.6368 585.9529
523.6280 620.4266
143.2950 697.4392
822.1385 750.4191
676.7173 106.1737
724.5706 367.4947
713.6774 417.8759
4.1099 745.8699
687.0523 475.4301
87.0759 373.5007
46.1398 416.4622
658.9843 249.9846
577.5598 249.7143
892.1356 256.7043
192.5456 221.3196
319.1498 352.8925
117.6508 119.4566
273.6369 12.2054
622.9450 411.2485
206.5774 280.2545
318.4849 113.2455
704.3537 226.6142
244.8251 56.9943
613.2629 270.9911
443.6476 104.0592
470.7356 540.3968
105.9269 43.0399
426.4657 143.1864
596.1214 474.2050
836.1744 559.4924
616.3153 249.9525
817.4420 570.3189
670.8703 426.7879
973.6819 604.5943
465.6954 105.4362
812.8510 735.7512
468.2759 364.4673
684.4780 568.1727
465.3966 185.3554
223.7945 688.8770
616.9421 730.2893
392.0769 559.6917
665.1806 631.0230
882.4039 362.6265
30.2641 380.2675
351.4408 368.9933
170.8015 614.3532
604.4402 101.9152
102.9322 654.0423
796.7578 260.6958
649.4514 633.9448
532.7456 320.6532
413.4419 496.6999
547.9490 779.1134
383.8165 272.5713
813.9157 472.7762
784.3140 348.2830
787.3268 435.6215
236.1543 530.0898
77.8944 744.6906
574.1883 389.3042
592.1631 370.3267
555.0877 657.6184
176.1740 764.7068
69.6076 86.9957
814.0667 617.0747
378.9110 395.4361
660.1648 72.4264
817.0336 709.8092
903.2560 508.9063
0.1843 117.3803
149.2164 425.0047
389.9827 462.3451
195.6666 545.2134
316.5977 456.2211
913.2043 243.6401
943.3333 347.7816
982.5803 275.4117
89.2874 6.4954
986.4216 323.3579
127.5557 235.3477
369.2229 439.1081
53.1273 562.6833
820.7533 287.3957
861.2478 692.5437
235.2412 561.7775
394.2683 254.5018
382.7896 305.2520
545.1188 529.9900
474.8714 150.5815
384.5951 739.5856
839.9627 123.4138
997.4560 536.0529
134.2774 57.3968
15.7078 577.0714
486.7013 349.3881
990.2176 67.7308
642.2429 332.6844
456.0287 631.1427
604.4295 340.5633
179.7974 407.5319
552.0500 360.0366
355.3072 148.6328
604.5733 462.3508
846.8039 189.4000
501.7288 328.6703
546.1663 293.5760
978.2334 454.5197
704.8825 90.5315
481.5329 552.3978
142.0875 585.0345
983.5791 786.9347
778.8698 371.9491
78.2346 711.9324
88.4464 377.9613
741.6861 768.3288
78.0819 506.9501
798.0982 249.9998
52.7743 274.8369
778.5271 375.0950
512.6631 375.3859
733.8145 336.8129
960.5813 638.5786
289.2084 28.2610
922.8645 599.5402
726.9717 450.9650
61.4178 378.5284
169.0792 41.2959
990.3648 647.1166
624.3170 229.4525
82.5102 404.4769
851.4453 222.2790
132.5388 224.7775
857.8584 11.3624
111.5494 139.6911
591.7701 120.9085
446.6532 646.2726
261.2526 560.6199
484.9185 639.4976
862.0144 274.2784
84.4015 116.0562
933.9419 123.3202
495.9483 794.8685
770.3678 190.3580
440.1850 510.0597
210.8567 587.4889
345.0757 513.8089
755.4839 92.7955
167.6004 318.9958
301.3671 596.9204
752.4279 426.0167
379.8008 564.4862
474.5896 116.1199
870.2777 9.4904
927.2225 359.0565
678.4934 769.4102
682.8763 32.8141
917.7121 509.9393
956.1837 345.4287
918.0420 686.6845
334.9674 213.6703
98.2768 523.4746
391.1538 618.5208
749.0909 587.4508
588.7243 155.9405
337.4066 552.2227
179.9167 438.0900
672.8019 665.3516
11.9614 78.1590
103.9073 356.7538
219.4163 226.6376
193.0795 18.9604
91.9413 750.8044
656.6055 668.3673
950.4890 510.4663
708.0751 95.9817
856.4408 103.9258
656.3946 719.9178
566.0688 773.7324
896.0016 556.5229
253.3357 373.5645
936.1821 511.0244
922.6954 221.1068
426.9834 722.7132
769.8805 258.7233
161.9660 59.1976
777.1060 306.2392
332.6547 48.0469
955.6057 211.7319
440.5748 393.3774
928.5863 488.2415
178.4422 393.6458
143.8726 614.9659
218.3865 514.6705
912.6092 572.3203
103.2871 58.3356
571.3446 200.4771
445.8821 717.2099
148.8543 512.2682
932.8937 531.6847
266.4365 560.0442
904.6175 459.7122
515.3830 751.9289
490.6795 348.8461
844.0492 624.7496
785.3817 432.1030
3.3074 763.3243
817.9767 385.6531
567.2439 748.0338
358.9183 545.4686
400.6148 505.8180
958.8239 72.5336
534.6263 768.7404
80.4568 367.7115
766.5081 518.2341
176.6183 31.4649
384.1637 152.8025
695.8823 717.1686
630.6171 287.4089
84.8625 506.2330
735.3242 111.9544
193.0927 575.7912
592.9454 391.3860
62.9926 432.4416
307.7309 427.1520
834.2503 359.4458
995.8336 29.6341
56.0545 630.2228
42.8145 94.5497
807.1037 533.8531
458.3704 542.4623
874.2554 119.1629
579.3457 739.8526
36.8777 113.2724
653.8315 376.9757
918.0191 36.6414
701.2968 104.4302
172.2490 39.9664
307.3373 634.9577
456.1846 136.5515
591.0425 654.2401
106.3312 397.7148
799.1752 176.4580
804.4535 340.9692
811.5210 785.7542
678.3978 259.3880
975.8533 460.7736
137.3294 669.1417
793.1017 611.3823
593.0853 268.4030
120.7455 112.9894
415.1543 557.0366
553.4077 350.9290
925.6755 32.5591
99.9679 677.8934
612.4415 622.1293
15.6303 389.5740
6.3496 143.5303
89.1412 521.4046
886.9151 332.9778
807.4118 618.0502
692.3583 164.9282
639.8257 418.4695
412.0313 750.4717
610.5380 30.0970
180.0005 399.9101
950.2981 501.7533
782.5830 278.2829
4.5700 188.5112
117.5078 424.1592
95.6839 289.5210
761.1282 431.7783
219.2761 616.2650
659.3272 221.1413
193.7190 637.2904
685.2438 774.8591
474.4128 141.0591
670.1426 34.4925
644.8608 228.0516
434.6716 267.4357
805.1537 606.7264
43.3175 592.3335
924.8613 140.7101
785.4920 388.0491
116.0651 716.0633
721.4031 474.1653
325.9723 159.0011
676.8525 260.5480
778.9753 260.9058
98.0641 590.1983
869.8863 300.4259
220.6628 376.7922
484.4077 712.3911
144.9413 742.3097
454.9909 309.8642
136.4046 575.8570
632.0211 780.4447
202.2109 101.7694
692.2105 47.7214
136.5015 681.3211
458.5789 136.9611
343.5760 709.1272
603.6360 631.6376
637.9992 489.2225
169.9355 776.1087
855.0040 69.1795
856.9738 391.3707
995.6643 473.2647
836.9890 223.3367
730.0178 588.9431
246.6542 261.8368
579.4670 713.4581
591.7716 119.1758
573.7008 4.0621
980.1840 32.0469
470.6526 614.8851
33.6206 424.8974
479.2693 638.4140
821.2913 361.9531
240.5115 446.7896
12.4230 585.4290
949.9339 106.1696
295.7904 518.1122
90.7295 383.8264
304.8366 562.6436
857.9221 597.8294
24.4135 363.8726
771.8350 699.3592
405.3604 631.8870
370.4205 371.4366
633.4023 688.3061
70.6986 714.7476
332.9061 26.1713
425.9023 215.8315
946.0955 433.9481
794.4788 630.1535
80.9590 704.6778
735.7608 43.8493
945.3222 539.7224
887.9779 88.7732
365.5909 495.3068
365.5711 140.2139
558.7905 53.6047
709.3371 163.7701
981.2516 190.9062
113.5577 382.7948
939.1479 464.0955
959.1037 167.8352
745.0167 180.3498
352.7117 213.8863
680.2267 221.7163
63.3692 276.1813
486.2269 421.3461
122.7094 567.8602
678.3083 426.2844
292.2644 496.7610
799.9039 756.2923
808.7959 752.7007
65.6276 713.5226
457.8741 64.1363
897.9459 230.6982
956.6269 87.4919
275.9427 557.6657
496.3287 699.9945
520.6876 501.8210
293.1694 775.6597
541.4350 105.6219
346.7002 355.0880
644.6844 233.2134
62.9495 697.4350
232.3281 757.9590
644.6720 329.3534
342.7925 516.8410
326.3064 474.6858
696.8636 673.5263
445.2563 243.2659
131.9543 631.4786
171.7371 208.0060
484.2431 776.5792
769.7497 37.8551
353.1209 364.7412
166.3631 739.3053
711.8122 228.1973
973.2061 671.4653
692.8593 533.0848
153.4848 190.3243
41.1515 253.3007
126.4735 208.3258
184.4966 449.9898
34.6891 253.5550
343.8470 298.3319
539.8666 130.0781
301.5598 736.3472
404.5623 399.5335
145.3839 366.4326
320.2179 3.4354
738.4950 780.4808
331.2806 564.3611
473.9107 231.8617
944.0095 784.5518
573.7276 117.6668
565.2315 725.5046
442.1055 551.3176
731.6405 720.1396
139.4233 440.7680
308.0822 321.3039
840.8769 356.7782
92.4811 44.0269
641.3127 466.7452
222.1439 748.5321
277.9272 18.0389
538.4123 356.3665
671.5578 69.9015
511.7875 155.5600
317.7578 484.0623
943.4022 726.7576
361.0649 118.3568
853.8041 295.7040
372.8312 227.7203
351.3550 782.0189
874.3017 70.0789
727.8534 355.3763
992.5972 642.9484
288.6340 644.5382
970.3607 339.0658
896.4288 111.6541
587.1801 68.8624
207.7838 379.6905
867.5258 789.3107
66.1158 768.0762
756.1141 70.7586
409.4606 731.5284
414.5140 444.6511
710.2470 604.1950
136.9270 148.8051
381.7695 443.0935
42.2329 660.9986
834.5852 243.1315
559.2811 370.7615
26.8400 1.9573
262.6770 764.8213
834.2431 378.0329
653.8130 714.1492
417.1568 393.5092
687.8432 195.8002
119.3547 221.7736
994.3330 53.3799
745.5656 464.8526
565.5746 694.6767
627.9960 380.8326
694.2451 95.6669
512.5259 460.2109
845.2801 130.2778
58.5104 255.7449
878.3173 108.3979
163.3089 218.1363
419.5140 729.6837
355.9843 231.8850
529.6123 749.0536
513.8665 613.1540
183.2475 75.6069
752.6285 434.9699
872.4431 661.4576
684.9672 240.8578
685.4437 550.6773
95.8334 464.0373
823.3148 10.3181
518.1707 298.4114
484.8990 272.2505
910.7880 81.9343
154.5549 176.8908
188.4168 717.6454
613.4284 665.1329
525.6528 425.6765
551.1128 605.0454
113.9667 368.3931
76.4003 655.0758
923.4098 383.6146
311.5735 290.0549
817.0387 711.7811
597.6486 610.8716
342.0451 567.9159
28.7595 651.6593
222.3578 685.4522
142.3593 181.2595
125.3442 104.1746
78.6050 552.6545
784.0297 62.1882
774.6923 605.8672
42.5169 86.2539
793.0552 410.7834
59.2652 95.1378
253.0125 52.9979
667.5864 603.6402
782.3708 736.0785
205.4012 720.9399
184.7818 281.2269
90.7793 676.6892
941.8450 759.0333
347.8365 128.4459
500.6344 582.8433
241.8225 456.1883
99.1057 462.5069
13.9843 173.5985
191.5475 225.4854
901.6603 429.7012
973.5799 78.9486
214.0154 403.3562
707.7561 293.1704
589.3806 351.7327
957.7477 144.6788
354.8223 303.6920
214.2740 182.0434
112.8455 787.6902
123.6154 88.2529
135.9124 609.8189
704.7309 445.7057
40.6086 262.4923
115.7226 226.8892
600.3895 249.6055
976.1790 355.1647
553.9159 232.4715
855.3657 151.0280
69.6092 672.8466
475.6768 543.3049
179.2973 798.9787
491.6484 84.1375
438.0584 526.8386
85.0059 114.6940
400.6243 472.4458
101.7222 740.2323
977.8533 51.7683
975.2075 270.9053
594.9608 792.5291
122.7622 670.4873
725.2005 222.8147
713.4938 465.5349
272.9728 631.5942
643.8312 320.1884
475.8263 482.5323
404.4436 387.6263
278.8906 614.3996
108.0367 200.5519
497.2738 502.6968
134.6084 79.6827
52.8524 54.5829
678.1074 777.6580
382.6330 543.3635
152.7367 497.5734
96.3336 61.2138
751.6097 614.0577
792.7314 161.5454
662.0932 392.2003
261.6653 274.8925
859.6723 437.2960
952.5805 25.2788
430.4064 731.9513
383.6299 251.6474
376.3366 367.7250
32.8598 445.3332
860.3607 242.4357
706.0592 393.1837
134.4882 572.5786
487.4549 87.5056
675.0246 528.0629
685.3742 457.7682
475.9111 683.4812
506.6850 313.1079
494.6911 776.6966
616.9397 282.2110
977.7829 256.3862
28.1470 36.0948
836.9342 279.1014
742.0571 21.5199
891.3429 273.0052
97.3500 276.1144
357.3661 281.0154
661.2400 198.0911
648.0828 474.0253
910.3890 52.4002
304.9125 270.0754
19.7120 260.8935
460.9094 690.6948
568.0494 721.1279
266.6189 556.7668
587.9892 788.6118
377.7376 312.2406
572.5386 646.6613
100.0567 540.0890
335.9675 402.2148
764.9039 271.6315
614.8279 290.6674
435.9911 397.5614
847.3341 629.7197
840.3805 428.6672
287.3556 38.0251
996.2277 321.6219
225.8860 594.3104
91.9578 675.3495
94.7336 269.4704
67.2698 640.9485
475.2684 167.7913
795.6517 521.2295
301.8470 643.3014
432.9105 431.9581
200.0770 321.8408
624.9639 362.5829
763.4422 144.4807
18.6033 562.6653
862.7098 461.4746
212.9528 769.6937
742.2080 373.8363
937.1629 426.1755
614.4223 615.2953
433.7245 452.8932
626.7585 417.8157
364.2747 118.1950
150.4727 548.2453
300.2757 348.3110
318.6532 664.1715
64.4275 162.8464
412.4384 658.9686
646.0427 205.1573
601.2323 324.6928
113.5586 153.5328
245.5866 661.7831
464.1597 447.8600
436.1329 517.5376
37.0037 127.4868
136.4306 206.7175
803.5382 526.9366
175.9852 682.0168
963.7869 388.6736
19.9087 687.6672
83.9295 481.2798
867.1718 720.4599
407.0069 290.7474
657.4306 72.2450
943.1621 579.3876
140.5602 89.5459
734.4804 746.3484
521.9576 663.1853
949.6745 745.2445
251.8081 707.6519
238.0769 97.8215
806.6872 263.4287
584.3262 311.9605
748.3742 188.7505
422.8690 115.4223
175.1543 775.9388
439.4754 203.4447
589.4809 392.2869
374.7050 758.9687
316.4899 339.0251
682.7384 770.6523
879.4335 749.5778
362.9980 572.5370
821.3654 16.8594
966.8052 484.6518
841.4730 529.7787
940.8483 552.5460
788.8027 191.7407
552.7279 247.4148
958.4836 290.2841
812.2503 97.6430
866.9529 686.1177
388.4710 727.8313
392.9756 782.3943
255.5337 72.2003
822.7077 188.3684
210.3865 712.1974
915.8908 505.0822
879.4672 613.3927
406.2888 27.1053
866.4446 658.5582
940.4954 376.8730
412.9613 672.9308
717.3860 701.4090
820.2413 659.5207
698.4822 405.0676
351.8563 481.6928
813.4280 590.2284
453.2618 21.8807
52.0988 513.2740
630.1563 632.8155
136.0922 320.5295
628.2963 250.9774
82.2321 126.2580
516.3659 775.7317
830.6214 610.5302
846.9604 548.6027
792.6423 255.5193
478.3655 588.1377
260.6799 549.9735
826.7686 639.6229
198.6637 331.5971
181.8893 701.1120
944.7572 707.4731
224.4871 758.4874
923.1124 517.6854
626.6274 725.4758
974.1276 158.6130
701.2612 135.0048
401.0349 343.1227
260.1578 71.2490
367.9202 757.7948
117.3505 574.8667
435.1587 735.9912
453.7079 538.8880
118.5123 570.8510
190.5442 689.5494
782.1219 230.3696
494.1682 104.1595
856.3377 480.0662
995.2074 226.3738
677.1887 334.6648
408.5241 116.7543
290.1930 209.4396
617.6802 725.8626
369.6377 547.4137
458.1641 8.2562
133.2049 258.5968
693.0236 549.4820
713.3359 566.7625
736.1041 204.9805
95.2794 47.0019
332.8625 187.8732
908.2265 797.3915
939.3219 773.7679
598.2321 598.5935
45.5119 202.9255
619.6579 242.0059
394.6968 296.7210
968.0578 447.6483
580.4869 208.2333
503.7467 744.2616
877.8968 105.5356
317.3174 424.3390
141.7957 93.4736
44.1622 102.2972
871.6796 667.8432
747.8234 740.9896
282.9255 701.5491
612.9316 609.2511
263.7579 250.4083
892.6718 252.4343
994.5651 610.9403
151.2647 682.4269
657.4195 638.5761
53.2222 118.8966
229.8605 28.6898
260.2240 564.7703
436.4299 796.1614
927.2063 32.6334
356.5201 567.2233
485.1995 394.3908
845.8384 693.5034
123.6542 74.8623
868.1731 144.5240
168.2950 406.9902
272.7916 712.7156
585.6774 466.8379
971.6274 420.8123
570.7878 333.1352
76.8355 614.6027
676.9085 709.8942
25.9622 545.0499
680.6394 315.3358
590.3385 760.9759
836.9772 123.0204
81.0632 664.5594
659.5393 363.2444
955.2015 475.3634
5.8054 775.8164
656.1728 760.7168
324.9155 585.2362
734.3196 765.9222
569.1584 169.0935
48.6822 514.9152
323.1708 44.4280
70.7241 761.5202
381.3909 319.0868
178.0108 772.0394
865.5155 71.3506
852.3458 130.3525
779.4925 227.9487
752.5586 523.2514
120.6020 392.6761
432.3584 645.0826
310.1013 547.9696
131.2867 532.4162
832.0529 410.1226
489.6230 708.3304
476.4397 450.4457
423.0706 605.1925
810.9944 491.0942
434.1059 340.8137
40.4381 273.3959
463.5249 179.3842
686.2365 124.0558
495.3223 503.6477
524.6778 232.5624
437.3555 725.7662
477.6114 118.8852
127.7897 722.3229
841.5380 418.4736
295.4816 38.1826
76.5325 36.0759
107.6322 339.9308
94.4844 528.6842
568.4782 202.7043
254.8602 65.4156
503.4446 91.1484
661.5783 143.6418
182.2081 314.3659
83.2906 701.4043
297.6475 469.7667
454.9981 536.2079
623.8104 212.0595
966.7196 697.0759
187.1917 148.0699
747.0293 483.2423
871.6158 85.0645
534.3760 4.6777
116.6783 137.3883
477.1199 553.4450
868.7805 772.6430
601.8874 389.3780
618.4994 779.1375
360.7288 539.0425
690.2934 315.9978
302.6567 100.0716
13.8759 89.5300
15.8852 776.4163
859.0120 167.3836
648.6232 519.7919
435.7885 500.8473
790.0115 152.7316
300.9179 370.7404
473.9891 17.4535
166.1055 121.9378
702.5981 771.0935
471.4892 687.8372
585.2263 161.0707
569.4305 667.0708
50.9222 6.2994
630.4099 570.4743
979.4869 678.8930
737.0783 476.6716
554.3045 232.6196
487.4965 388.8808
591.0393 489.1962
678.6679 653.3514
487.9015 571.4323
528.3088 337.6036
315.8502 50.8085
892.8772 333.7100
473.3380 395.8310
938.9645 277.4113
697.5144 16.6455
288.0108 153.7610
343.8474 185.6825
219.7023 727.2561
339.1530 481.6801
842.4671 525.5665
131.1586 234.7152
711.3852 767.8427
833.0807 538.4858
734.5846 636.7781
799.7551 675.6250
621.8424 225.9658
749.2543 533.6452
129.0966 159.5874
605.7490 80.7230
415.9844 795.0138
303.6519 167.5464
47.0493 14.5045
880.9061 285.6351
158.6055 662.3590
894.4575 25.5760
63.6656 344.4964
617.5629 96.5504
224.0956 206.2577
340.3242 284.1928
46.6764 702.1709
267.4912 120.9427
690.1356 412.3100
669.4859 565.1239
926.6321 350.2614
457.1356 673.2776
110.9308 84.7135
610.5725 625.7250
947.3835 658.8882
41.9694 84.3289
629.9261 696.6956
910.9858 125.6260
292.1230 353.2143
505.8966 586.0415
99.2942 517.6744
334.6075 110.2180
848.5951 351.2868
415.7498 615.2265
245.3161 647.3162
341.3201 404.0182
85.2339 297.9491
754.8452 288.5147
664.9953 121.2890
753.5072 337.3778
228.1820 641.4149
413.4094 327.4475
458.7531 681.9124
794.6073 289.4195
29.7629 116.4674
9.9487 644.9975
943.6428 67.8226
314.8046 785.5559
164.3247 49.1747
759.1924 528.1409
641.4658 722.0089
57.8098 505.2860
713.3695 528.2893
519.7784 236.5795
402.0028 544.6965
553.6104 243.4584
742.6975 727.3847
7.9022 223.8246
527.7917 736.3605
700.2951 356.9512
205.1336 435.5402
788.3416 521.6297
697.4710 710.1399
781.5631 323.6046
197.2958 241.2251
36.9702 267.5943
725.0987 592.0418
126.0056 793.5392
283.9279 74.2557
551.7859 417.0687
757.0463 128.0219
27.8912 637.2790
592.5036 193.0718
774.1578 581.2074
986.9547 88.3535
59.9457 298.3831
626.9895 283.5787
47.7329 520.7699
124.7498 238.3689
736.8587 362.5177
982.9506 644.3100
989.0001 452.4778
894.3389 502.1955
533.2887 476.4391
350.3371 227.6284
784.7893 571.8836
672.4338 571.4808
519.6666 198.1067
327.8470 465.8952
822.8427 289.0140
97.9878 569.3123
828.4376 65.5577
62.1937 710.8074
476.2531 356.9313
369.2942 421.0045
588.2395 415.1560
394.7825 210.9550
498.8273 338.7378
440.0800 744.8285
489.5411 778.6180
823.8118 115.4769
127.1240 568.9205
129.3852 563.6197
863.2717 94.4465
212.6425 378.6844
746.4963 755.2556
369.3321 761.4574
601.6002 326.8959
120.8664 457.4118
40.2821 122.6436
371.4674 792.8161
303.2601 388.7404
791.2037 113.7118
589.6242 38.9208
894.2529 711.2458
215.5815 655.3001
488.7937 97.8623
348.6489 696.3412
417.5752 458.4473
565.7640 720.2298
781.3493 380.1820
720.0335 484.5678
761.9512 403.8111
460.9362 359.9435
449.0747 693.0764
325.2163 639.8493
664.5023 327.7027
232.8223 316.3177
540.9945 766.4636
890.0432 588.7302
645.9165 692.7629
707.2086 457.5958
796.1588 565.9191
561.0444 99.0253
559.3528 153.9414
618.7041 461.4845
52.8744 456.1955
189.3959 380.6686
896.8643 96.2265
936.1818 143.7947
18.9736 629.4056
245.2867 564.4942
887.6558 355.3836
806.9210 485.4839
401.7979 35.9869
861.9743 18.6106
437.0174 331.9491
859.6484 253.9059
257.1778 91.7157
99.3336 134.5248
144.0343 204.4436
89.6286 245.4354
407.2764 135.3528
614.4754 260.2326
27.1712 46.8014
389.9397 256.0332
412.8228 259.3742
375.5132 662.1931
120.9663 162.0476
752.1337 468.8233
492.9794 601.9120
385.0487 92.0651
60.6320 371.8588
407.0765 387.3372
407.4938 186.9924
886.1559 215.3278
963.4747 540.0779
246.3161 443.7660
785.2142 243.6903
406.7459 67.1267
635.7990 162.7655
967.9115 298.6442
985.3087 625.6189
537.5356 339.0020
911.4927 361.3936
1.0011 371.7216
829.3718 231.3996
972.0818 0.4343
933.5068 385.7490
597.8678 671.5902
380.1535 281.1343
632.2069 468.1273
510.3284 36.3878
739.1829 450.4653
300.6383 316.2439
122.9770 111.7202
556.4791 223.5666
431.9624 488.3562
957.4172 254.6432
682.1010 274.1082
261.3605 602.1552
452.7181 196.7426
983.0219 273.3038
459.7993 479.6109
15.8746 553.4760
646.4433 1.6380
476.5290 721.1560
672.7064 330.5304
895.2682 562.6397
762.4652 430.5052
787.3052 519.2778
77.5231 24.7580
832.0839 537.2905
672.2459 282.3958
812.7812 661.9735
357.9657 141.7493
767.9658 557.6241
8.4314 370.1540
936.2478 355.6621
221.5208 15.8253
281.1345 737.1190
357.8210 71.9732
613.4427 242.5428
717.8095 187.4064
493.8087 290.3993
280.7564 723.6061
706.9680 167.2691
196.0868 656.8988
396.0862 695.9330
569.1022 395.2091
551.7852 527.8707
565.7070 545.9069
565.1402 52.2885
128.2464 52.0395
259.6245 455.9226
227.9652 418.4640
782.2527 153.4812
677.9787 793.5611
692.9858 426.3532
252.9211 448.0928
453.9261 750.3123
640.9663 754.4594
51.8628 751.0075
432.5482 796.0852
274.0356 544.1388
466.5867 289.1775
759.0217 707.0420
224.5482 222.3464
420.0621 359.0892
5.1593 155.6865
81.8089 457.4557
25.3719 589.9553
978.0956 339.0562
74.4404 199.9873
164.4816 248.6447
625.9947 77.3809
479.9664 646.4473
592.5308 501.0377
334.3025 200.3276
107.8407 190.6874
340.8020 43.5463
333.5885 635.2889
943.5476 620.5996
619.5666 611.2789
625.3488 463.1476
85.5347 48.5496
33.3437 250.6235
847.6921 52.0226
127.5358 735.2926
441.9184 241.1769
626.1852 52.6322
677.5645 447.4064
294.9168 305.1644
95.8303 601.5707
233.1120 479.6607
659.7240 8.4852
383.9200 636.1317
879.9382 495.3844
339.6165 750.0679
782.9291 363.2614
328.1937 153.9851
102.6897 476.1401
67.5445 631.5331
193.6145 458.5697
637.3637 205.0289
421.0070 579.6984
444.6243 194.5220
797.0256 48.3929
311.6669 348.6785
959.7414 603.4989
311.1882 708.1775
775.4957 117.9273
308.6744 274.3203
368.8300 6.4655
586.4399 542.6403
57.3176 405.6863
835.1749 686.9618
422.0611 156.3257
200.3719 726.8002
785.2638 273.2415
667.8601 555.8253
981.9233 479.8098
331.1454 462.7286
963.0649 492.8825
418.6953 129.8240
454.3021 631.3531
42.1921 175.5247
3.6971 178.4201
230.2740 499.1360
239.0190 587.6689
952.5882 265.2121
740.0814 164.2531
184.2445 791.9024
362.8171 58.9849
30.0176 92.1514
290.5762 155.5228
585.6864 612.4262
43.9048 23.7485
197.8250 139.3173
885.3822 575.0693
339.8175 443.6040
178.5414 17.1936
842.8814 728.5192
20.9938 541.9619
378.9228 629.9313
110.9690 748.8913
305.0724 192.1199
809.4878 528.7270
941.1618 781.6815
997.6949 705.3310
878.3878 52.3020
144.4322 739.3244
794.8981 153.3450
378.1955 299.4042
599.5492 781.5852
244.5496 36.9562
616.0280 151.2817
535.4683 631.6702
327.6806 42.6072
795.6119 698.2812
851.5026 774.7074
885.8343 167.3901
81.4077 376.5338
663.5022 51.8984
508.6138 601.0464
645.0716 407.3268
498.5878 371.4138
321.8231 299.1030
694.5097 572.5199
494.7920 214.6684
400.9461 736.9482
583.9826 29.2836
219.5263 162.4004
863.1683 316.7200
305.9990 710.9671
571.3704 748.3991
374.1074 440.4416
134.3303 67.2225
444.5053 281.2600
583.9622 372.2025
621.1258 340.8819
467.5510 327.1622
804.5045 253.6163
382.3709 143.6526
233.7904 516.2839
359.0929 65.9348
842.6034 410.2328
643.6544 628.6986
926.6059 78.7273
71.3487 30.6251
200.3066 157.3171
329.2413 242.1725
815.5648 546.8315
274.4646 564.5141
997.9957 798.7241
752.3834 591.8568
912.3825 6.8271
299.4742 657.8471
783.1283 323.0489
405.7585 463.9630
655.3085 377.6032
512.6470 608.9284
149.2811 318.0042
226.9263 599.3097
474.4383 412.6603
785.9746 606.0970
722.5104 369.1209
791.9149 250.4599
187.8466 616.1049
697.9413 167.6678
449.9719 446.7575
374.7002 462.0068
128.3456 754.6832
9.6812 648.3211
834.2989 271.8578
419.1473 548.6102
403.3687 622.9147
537.6040 260.8636
23.2398 628.2862
922.1442 122.9530
952.6375 264.2004
629.8393 482.4022
607.8373 693.5558
980.1721 163.3637
390.6361 427.5925
188.3387 86.9107
569.5150 361.2283
894.7438 74.5932
104.3132 442.3254
32.0592 551.2196
488.6133 149.3537
69.4910 770.3956
283.8176 186.4315
659.5699 55.9835
57.4532 414.8253
171.8257 687.7659
410.8612 125.6284
110.7439 429.1624
478.2511 55.0104
955.0968 692.5596
129.9323 164.5416
432.2007 567.7373
474.7800 482.9676
939.1543 469.9936
502.4750 547.8687
275.4410 5.9546
142.6920 51.1760
399.2369 646.0527
525.8565 728.2420
879.2394 368.1636
576.1328 589.8326
287.9118 704.7953
456.3066 560.2532
711.6479 237.9590
613.0275 647.9878
175.1263 199.3079
899.9646 586.5952
457.8282 728.6665
183.4443 454.8922
393.5513 756.5499
239.6953 696.4317
273.7763 502.4666
291.8896 733.0371
698.0440 577.9275
217.2549 394.7901
992.3897 442.2591
995.3164 61.2269
105.2246 613.2313
326.0131 360.7488
252.7666 404.8517
462.1675 58.5564
694.4857 599.7889
381.1556 596.7659
855.7731 317.3395
10.7374 91.7462
917.1370 261.6883
748.6760 387.8074
68.2372 438.7428
242.2936 760.0147
140.2558 656.3414
841.5625 136.4713
18.0661 80.4121
294.1447 427.7231
390.8495 62.0682
763.5890 541.9065
153.4965 286.4696
216.6724 27.5559
675.0441 172.9332
696.7424 669.2009
811.5118 512.8098
716.4104 717.6079
390.6184 246.6594
52.4153 3.7326
772.4097 613.6914
928.8206 299.7158
238.5403 73.1091
421.6827 791.4325
337.1166 153.7215
668.9495 176.4543
882.2861 637.5393
830.4507 134.3063
167.0473 332.5440
107.6838 261.7132
562.0541 151.6380
207.1193 433.3621
938.9232 96.6432
213.7800 285.2611
173.6216 321.7116
316.2402 311.3493
458.7759 52.8130
815.0849 519.9560
368.9800 53.8650
218.5609 241.2274
598.8691 786.4820
101.8136 428.9452
990.5313 680.3720
171.4591 767.2278
599.8671 785.1327
696.3154 542.3204
972.3669 554.9766
332.0465 508.2828
883.9670 254.3736
851.5542 385.7043
335.1052 486.8267
585.0369 305.8971
640.5920 185.9404
587.4685 790.7047
232.6059 493.0789
896.7794 247.0789
737.9133 605.7966
619.7662 47.9384
374.5236 237.2918
151.6706 163.5083
37.9067 738.7273
598.0752 756.7012
739.2556 262.9519
278.1264 514.8817
760.4939 416.6983
977.5675 518.4371
288.4551 18.9547
846.9348 265.0162
242.2490 431.4494
906.6321 532.0048
248.3380 549.8799
719.5022 486.4506
381.4859 257.3096
442.3609 4.8341
869.8667 55.9879
192.4654 507.4936
141.5320 163.3760
91.7594 474.1045
831.2209 745.4502
236.3101 62.5316
724.9891 249.1704
721.6738 195.9400
176.4355 199.1755
285.3529 358.6170
635.6038 217.4886
781.2889 64.0128
972.5552 318.5956
167.7660 353.1009
505.2926 587.9425
760.3245 655.6830
793.5586 15.8489
381.4193 683.2338
758.8583 737.2260
595.1834 122.2390
726.6482 205.8334
463.6512 362.8825
375.1469 484.8203
71.9396 109.3251
469.2585 123.7796
189.6258 10.2674
500.6998 580.2763
491.4537 740.5529
940.2850 776.3941
373.1449 391.6409
641.0487 470.6472
408.7876 31.0615
921.6032 307.8608
565.6086 155.3826
436.2979 204.2067
913.0860 577.7962
509.6084 390.8975
688.4894 557.1643
650.9063 741.2150
735.6642 193.8823
34.5076 650.5011
630.9527 541.1405
697.4714 516.2668
261.3307 364.3766
681.0665 203.4304
602.1493 761.4226
841.5159 9.8699
770.9722 515.5179
916.8829 318.1335
586.1604 720.7965
518.5370 151.0586
422.9449 663.7997
252.8712 241.7757
967.6834 526.7888
382.7886 246.3831
411.6090 701.1204
727.6521 71.0988
636.1802 621.3529
344.3928 114.1708
748.7301 744.0135
397.9702 246.4803
987.0255 653.1115
1.5786 55.8732
696.3167 419.9696
654.5212 586.4338
170.6343 299.7211
704.0472 158.4164
181.9843 758.7866
450.6608 651.4964
185.6380 47.1857
182.7294 607.3317
259.3519 721.8186
408.7924 501.4699
624.4215 694.6896
166.1261 234.5005
377.7285 221.4098
342.1519 468.5171
477.8971 538.2437
100.8091 48.8452
751.7987 5.7813
582.4454 790.0951
96.8419 417.8676
7.2620 482.3879
986.8968 609.0912
932.1284 378.5854
337.0300 343.5629
370.7851 712.1218
999.4451 653.4778
940.9910 532.0626
378.4357 45.7932
356.0292 264.2042
100.1774 365.5354
698.3083 580.1761
887.9706 111.0904
601.9092 695.2042
279.4675 559.4117
815.0518 294.7439
618.3517 527.1009
475.1994 330.5013
187.9349 788.9451
957.5471 650.0952
16.6303 288.1645
45.7543 646.0462
325.5252 355.4449
606.7630 320.1322
612.5923 65.0954
427.9163 745.1868
930.8445 789.4972
857.1000 724.1622
734.2777 235.0904
195.0770 114.5292
520.0544 457.5141
856.8026 403.7093
127.8614 637.4566
301.3483 538.4497
548.7467 699.8286
168.0529 357.0294
115.6786 530.1137
240.9016 169.3127
753.2525 527.7961
89.4318 347.9147
715.7652 128.1882
928.9674 722.1188
766.3088 176.3008
257.6285 381.0419
897.5109 98.4785
135.7564 427.6346
725.4144 72.3534
691.7845 697.5525
931.7800 613.0699
600.6794 515.1892
377.0103 573.9542
736.0025 305.3204
642.1022 449.5200
856.1410 646.7580
223.5508 92.5520
87.6803 71.3115
740.5812 749.7685
744.6178 92.8850
367.7370 682.6642
954.0686 461.5335
1.6785 49.5079
535.6030 677.6949
979.8495 255.7144
365.0238 543.4417
796.5653 415.8011
601.6176 177.7132
395.3124 430.6344
460.6028 115.7606
942.8899 669.7733
499.8327 364.6276
601.4654 116.6966
665.3507 641.0334
702.9668 479.1042
308.8914 792.2681
123.4640 797.4789
706.5223 382.6262
828.6873 396.0204
704.1405 301.3669
981.1428 266.5156
827.8847 168.4905
732.6581 648.3349
700.4074 42.0530
865.4319 143.2162
487.5047 313.4463
984.3895 527.4002
848.5182 792.8506
547.9429 269.9281
677.8987 792.2514
757.7142 312.8505
527.8444 226.4319
696.3763 156.0737
856.2522 315.0180
130.9007 601.8132
580.3837 644.0574
849.8097 567.6700
457.5325 130.9556
137.5610 556.7644
291.0816 115.8583
218.1365 598.7060
735.3189 7.3060
725.9575 460.5457
678.3178 790.7874
147.6055 760.3185
427.1111 673.3281
925.9853 76.8382
974.1588 143.7063
52.4721 784.2214
650.0978 474.7139
969.7270 501.5780
403.9940 27.1943
240.8554 390.9007
687.9841 763.6443
652.7970 300.2973
691.7948 636.2602
658.5189 622.1846
864.8958 520.2487
275.2160 522.5564
367.3231 96.0003
82.6370 391.3748
668.7922 407.7988
23.0268 458.3855
572.6306 218.9798
745.3593 635.4750
181.0966 387.3532
644.5966 346.9252
571.4231 79.5530
63.4983 727.1044
795.2248 147.9119
812.8679 15.7971
556.0602 429.1334
812.1963 390.8506
518.9011 467.7772
713.7491 632.0542
124.0893 602.3906
965.6810 718.0818
180.6642 479.2821
179.9376 443.7774
800.5130 98.4362
128.8160 164.9839
161.2103 449.9970
851.4501 28.0042
979.9284 404.9186
363.5596 435.5417
423.0513 756.1828
0.0856 240.4800
946.2146 415.5545
782.8018 527.3261
444.9203 461.6572
695.1015 418.1330
986.0195 281.6937
538.2095 167.8716
99.0091 655.8106
237.1004 150.4589
299.7092 666.1022
957.4229 481.7155
216.0400 287.2521
128.4921 497.8502
74.3597 203.9739
381.7823 722.9279
400.0594 66.6033
254.1794 340.2747
694.5154 428.7235
70.5580 586.1399
995.3593 557.4423
192.6274 297.7138
657.3181 656.4066
604.9447 335.7492
153.4914 793.9592
433.6271 20.7279
603.6072 62.0197
124.6212 87.9921
548.3688 52.7675
640.1775 290.2556
333.5173 218.6024
868.8554 180.6124
9.8633 301.7248
968.7735 302.9059
105.0027 740.5087
175.7314 582.6619
306.5496 657.0746
489.6186 423.1681
700.4555 692.3187
551.5422 485.9736
896.5702 136.5979
946.5103 311.6507
345.1729 593.0377
968.0003 425.3457
594.6170 679.7040
476.8619 102.0578
9.4975 410.8523
155.4913 101.0947
378.8007 588.3379
52.8646 580.3354
974.4998 566.0019
249.1116 486.9624
706.7868 146.4836
986.2463 638.7751
502.2292 220.6584
427.7651 753.3416
881.3877 651.2186
305.1874 686.3372
947.4546 325.2118
312.7369 72.1125
79.4749 583.9624
944.8669 132.0905
57.4115 594.7276
554.1598 394.2804
874.3530 769.7331
423.9836 406.9459
730.7974 383.7248
515.0115 798.3635
888.0805 558.3056
405.4715 493.0293
910.8864 596.7338
714.1601 562.0734
749.6680 195.3810
738.9832 760.6947
823.3634 704.2655
528.1114 487.3549
607.3735 771.7179
674.5222 705.5445
523.5164 180.0549
75.1224 671.5271
513.6845 761.9869
422.7223 303.2758
373.2837 90.5868
914.0452 199.8122
539.1196 613.1311
117.8654 239.3424
293.5450 170.4528
738.0257 455.0736
217.4632 243.8558
933.1114 514.3789
825.7274 28.3433
463.0570 494.1990
488.2665 284.5953
615.5302 262.8414
353.8927 4.1235
890.1963 148.9262
354.5323 81.0702
492.0461 67.7950
514.3186 122.9685
123.8426 389.9297
155.6304 525.3068
226.0952 316.2871
299.2850 342.6732
182.1820 649.2351
108.6950 350.8577
839.3575 129.4674
353.7378 347.1681
359.2367 696.4113
198.4646 151.6537
40.2563 315.6368
743.9240 720.7982
160.3125 159.1935
479.2950 532.1943
265.7996 336.8763
550.1237 639.8561
714.3210 259.9102
764.3927 705.4132
501.8586 738.8490
843.0629 311.0788
109.7328 86.3037
21.1522 124.4336
500.0009 613.9080
236.5049 542.6483
342.1410 781.1508
737.4316 347.4628
289.4666 388.7434
760.8999 198.1978
152.4957 408.9919
249.4668 613.3821
864.1668 795.4056
247.3544 656.4875
198.4125 565.1687
809.9525 560.9160
502.3339 144.9506
992.5517 472.9570
634.4772 183.5074
132.2958 30.6931
990.3988 743.2787
426.3030 493.1739
90.9354 40.7643
407.2972 245.1568
633.3100 185.1421
336.1779 383.3562
509.8637 515.0985
304.2900 215.3969
280.5559 280.8196
418.0742 255.8727
47.5564 32.7113
52.1306 595.8038
211.9776 377.6465
908.4820 80.6094
184.8400 758.6625
363.5812 243.4854
96.8872 10.9293
551.7682 689.5794
331.2117 593.0337
361.3850 623.0466
528.8621 297.2738
650.2483 168.0266
384.0494 709.7550
130.4854 594.0699
120.3543 469.2492
912.1768 523.4841
190.4336 563.7280
925.5006 59.9037
546.5790 274.3184
725.3507 791.7157
201.9991 576.6156
43.8111 153.3654
550.4957 202.0204
877.0753 682.7506
906.8148 780.1009
894.9130 358.7858
717.3259 728.6793
67.7085 335.2033
931.3323 403.0955
21.8749 479.3229
696.7062 103.1474
45.4452 452.9398
794.3904 555.0427
740.7152 317.9951
684.6943 696.2046
971.5384 132.4146
750.7278 307.3203
779.3722 320.6792
271.4942 147.2531
160.0031 174.2462
696.7217 703.3240
790.6469 364.3528
707.7540 420.0586
303.4102 176.2691
708.2547 441.7207
171.1091 36.4900
238.2168 31.2725
148.1395 706.8820
927.2480 216.3479
790.6213 513.9305
249.0081 658.7282
534.5949 1.1200
347.4619 484.1276
369.1102 66.5969
705.4617 439.4201
722.0796 326.6743
611.4820 259.7081
57.2634 652.7377
823.9318 175.4237
965.2275 141.3882
971.6047 429.9110
978.7624 622.5488
780.5132 85.1542
745.7698 305.5848
653.8247 696.0206
634.3055 440.7022
816.8470 176.5112
268.7935 465.3310
807.7330 602.3182
155.6415 185.3785
726.2861 294.9120
902.1681 74.9528
181.5135 148.0224
862.3522 151.0879
490.5184 583.5840
647.5643 16.8378
162.9186 142.1874
394.1973 486.2577
69.4541 57.6390
245.2538 727.3048
970.3855 80.1870
526.7785 581.4117
807.9927 482.6348
377.8751 16.5727
826.5622 610.7566
644.4821 34.9920
248.3429 66.8764
142.6356 501.9075
13.4969 773.0886
957.6177 85.0712
736.1315 270.7119
707.4558 161.8573
480.4254 450.2810
444.3262 130.5156
331.7563 123.6107
55.8755 553.6330
627.4859 98.4604
824.9249 82.2522
296.7385 409.2339
836.4834 113.4680
912.1670 19.2007
427.1354 117.9012
655.3646 180.7075
878.9901 307.7950
884.2239 658.2279
112.4087 135.6472
110.1357 81.3890
955.8491 285.8463
615.6968 94.6808
923.3196 735.8989
895.5865 483.6051
178.0678 424.3845
599.6115 543.5466
150.2200 533.8187
301.5638 654.0500
348.3857 83.1381
916.2344 529.3854
932.8818 648.5755
711.3067 61.0956
2.1788 746.4760
148.6429 524.6833
320.2560 312.4797
721.3435 628.4369
478.4320 53.8509
577.8429 767.6683
278.4761 72.3576
994.7717 145.4979
385.0174 255.4526
423.8321 554.7367
413.9443 634.8013
333.4651 641.7127
653.9542 196.7265
418.6596 397.6818
533.7706 425.9795
821.4042 307.7018
580.9639 337.4726
577.8764 554.7992
748.2835 562.4747
235.1931 2.2929
993.9053 13.7237
558.3745 766.0926
920.9041 47.6619
349.3475 679.0012
866.7725 655.2084
294.6973 115.3122
853.3122 777.4557
912.9539 193.9979
827.8218 44.6925
137.8013 769.6416
703.9629 301.9686
26.3469 771.9306
371.6842 561.1214
662.7473 59.0162
837.4372 696.3816
30.1857 292.1954
78.9933 61.6522
569.1832 650.9690
149.7172 145.9396
743.5579 598.4857
698.5639 239.6062
411.5225 269.8696
781.3969 556.1976
286.7691 124.7099
881.1571 25.6953
751.1329 402.6363
10.8676 666.1441
679.9035 700.7812
554.1559 663.6146
919.1502 401.4979
709.3528 338.9362
156.8006 778.4979
521.5010 782.3410
125.1334 169.4914
619.0438 175.1251
183.6938 596.7966
559.2943 673.3704
816.5588 374.7489
313.1897 513.5127
827.2537 131.8595
803.3393 517.3178
194.7306 86.7207
77.8086 482.5521
846.6093 22.4391
282.2069 433.2543
65.3192 477.6886
756.5214 247.2961
551.6914 510.7112
32.3668 215.3344
976.6631 451.8375
563.7393 632.1806
45.6806 251.6642
943.5091 6.7830
356.6491 225.9217
398.1364 155.9070
751.8423 580.5505
973.8507 562.1254
97.3798 325.8292
741.4513 80.8023
807.4943 120.1493
587.1755 305.6894
586.3582 681.6217
290.1194 121.2302
463.1062 708.1631
93.2909 574.7702
884.4021 645.9808
654.2201 615.0606
161.0470 770.9339
516.3008 582.9765
651.3949 744.1818
341.4153 628.2815
339.0207 288.2531
855.9526 344.7212
890.6799 619.3400
387.6343 167.0565
610.3872 59.9986
152.4014 502.2317
497.5228 643.7812
142.6225 696.3660
547.1361 775.1577
781.4455 69.7341
94.1140 250.9750
934.0560 129.1780
280.1173 290.6626
89.2292 143.3490
771.9405 206.3553
473.2610 204.8210
876.6579 520.2337
140.4472 99.1730
568.7334 31.6741
859.0033 320.7514
857.0010 733.7121
128.9842 293.3858
844.8356 761.6360
373.6831 545.7607
505.9424 210.2619
875.5365 546.0445
620.6137 515.0934
741.0426 195.8534
821.2350 6.3544
853.0598 232.5285
158.2058 319.4243
72.9787 310.5784
462.2786 74.8025
465.8776 513.9876
900.1265 371.8824
85.8225 585.4225
917.4604 737.9926
768.2167 159.5768
328.7206 253.8279
996.4382 389.0360
702.2908 380.9756
278.3751 30.6259
155.7411 375.9740
640.2164 256.1493
31.3233 480.8619
380.2848 749.1677
361.4928 344.0878
473.4096 43.2620
868.0206 762.1160
683.6714 215.8785
635.6873 66.8730
69.2590 324.0548
298.3368 569.7654
871.2891 419.8224
669.6444 207.5578
830.5491 73.9530
901.6417 273.6153
753.1761 131.6266
349.2763 335.2809
475.4994 551.0644
160.6892 557.3521
354.6924 554.3211
389.1380 7.9452
783.0724 477.7029
77.8087 534.3700
616.5124 258.9861
986.3679 751.1752
742.8363 589.3754
316.5153 120.4050
458.6591 117.9893
864.3013 90.8855
969.9761 325.1093
520.6917 2.9415
450.5590 666.0087
125.7172 359.4629
969.4575 77.9568
218.6228 783.2256
420.1761 436.8690
166.1010 302.0453
348.0856 761.9015
971.7445 461.4691
14.3710 651.0235
16.1913 717.3239
502.0852 694.2065
699.3171 519.1293
455.9975 328.3094
352.2112 433.9736
523.1698 612.0649
113.3800 140.6510
428.3836 141.5161
594.8918 434.2103
381.5633 676.0733
688.5507 349.9949
283.2484 496.3012
925.1356 685.5978
995.3632 644.7518
103.8120 519.6997
616.2604 329.0237
496.4049 601.3814
927.2289 79.7617
444.1034 464.9869
32.6355 231.9236
420.6409 178.3035
454.6299 304.8639
195.5602 375.6594
124.4406 774.0929
914.0293 330.3478
820.4180 563.0680
741.1531 6.0841
374.6438 179.1493
283.6044 703.6857
264.4991 670.7873
795.1382 331.7732
241.5544 720.1498
414.5567 12.4241
153.3753 299.5246
816.7070 656.0275
599.9457 268.0720
959.1606 794.2633
241.8311 778.7923
192.6604 515.5475
828.5499 641.0653
577.8536 103.0964
636.2735 781.8845
173.7173 723.3371
517.2771 349.9213
99.5779 640.9376
504.2570 505.1529
784.2813 674.4246
627.3184 208.1841
552.9055 758.9602
203.7626 74.6123
437.4210 503.1153
593.2882 22.2547
707.5759 736.4755
78.7725 305.9239
742.3396 104.4384
453.7063 505.2014
358.1214 191.7775
897.9092 237.5380
535.4172 196.2035
780.0290 628.8386
770.3916 527.4062
274.9648 747.9807
627.4380 510.7093
579.3546 82.7354
459.1277 476.7156
107.0767 225.9704
894.6048 74.2217
494.2451 289.1179
838.3159 312.6402
491.0370 17.5656
73.5760 767.3737
76.3127 549.8691
375.2544 250.8679
908.3024 646.8392
179.8064 8.1122
178.6771 453.8351
606.6549 25.1604
975.9159 794.9917
483.9110 491.2040
546.4828 126.7106
741.6968 741.2665
192.8453 23.6442
23.0382 409.3958
152.3460 693.4994
114.7885 173.5662
327.5397 175.8089
727.7439 751.8785
267.5905 385.2599
953.2294 278.8427
551.4971 235.4567
745.1945 396.6414
512.6565 319.9537
193.0542 138.3676
687.0575 709.8519
281.0828 314.2607
583.6483 613.1591
311.5851 635.2796
953.7621 390.2654
882.8573 338.9899
747.0793 652.7138
622.9110 485.8365
429.3130 453.7136
373.9605 506.1588
64.2663 133.7992
33.7600 409.0854
586.8692 234.7788
826.6864 516.0784
965.1452 281.8027
29.9400 143.9234
322.6812 632.7171
357.7445 58.1123
656.9546 297.5714
779.5146 97.8429
318.5891 8.7208
328.8694 372.3013
795.2394 718.9952
561.6406 308.4727
601.8019 421.8099
102.9202 222.4388
607.9044 706.6881
859.9126 59.8594
892.6640 337.4001
756.2012 254.2266
320.1214 157.6986
802.7252 398.9208
990.2597 336.9898
124.0927 136.9118
326.8748 306.2860
576.4138 228.0295
643.6666 684.8825
987.9548 729.3145
284.3658 673.3143
402.8108 716.6636
918.0345 31.2962
644.7757 55.5633
95.1198 642.0106
723.2537 219.7388
753.6923 320.2755
556.4502 250.5397
612.3206 314.6620
696.4569 363.6654
848.6723 773.7220
121.4129 299.1249
617.9770 23.4305
47.8342 8.3168
105.1357 258.2872
687.5989 348.5460
170.1915 152.9278
902.2765 295.1036
902.8806 791.6520
934.1104 694.4119
259.6877 627.9552
110.8036 757.7159
75.0422 263.4632
612.7506 649.9884
269.9121 136.2709
137.7633 368.5550
126.2887 689.5159
753.0348 710.2387
965.8363 330.6351
446.7797 97.8986
527.5889 462.3078
661.2690 781.0796
321.9114 584.6917
225.8305 211.0496
296.2342 66.2354
558.5152 698.2979
659.4808 588.2146
205.8912 62.4134
971.7652 48.2135
13.1281 172.9084
818.5114 150.3339
104.5347 166.9292
590.5231 422.1157
858.4588 608.3904
311.8254 363.2176
153.9989 403.6091
914.1253 175.0279
363.6438 780.0517
867.8588 410.7712
780.0211 150.3628
277.8384 131.3571
307.1468 695.8651
648.3830 117.8318
876.1962 596.0208
240.5625 715.2784
187.0298 22.8690
661.8855 362.1127
265.5787 741.5422
84.0668 345.1789
150.6200 401.7523
507.9268 42.5257
272.5889 78.2502
648.6217 585.6013
422.5884 235.2047
402.6921 475.2393
529.5628 394.8930
433.5653 544.9284
646.3449 767.1774
219.5798 42.5102
35.6880 212.9426
65.8474 80.8256
226.4650 496.1766
715.8233 313.5265
101.3043 587.1395
879.5277 214.6136
205.7054 628.5821
347.6331 230.3940
596.3134 587.1058
94.2426 402.5921
700.4712 381.4067
305.3242 725.3342
238.6195 252.0900
69.4546 149.8755
899.8692 113.4669
12.7348 379.6806
334.0541 142.0120
263.8322 61.5817
679.2029 682.4717
594.0052 775.6332
583.1589 390.6459
247.5104 87.5088
818.9264 453.8134
990.4131 668.2872
525.2692 133.8438
146.5830 75.1281
304.6023 588.9492
452.6164 587.8520
989.7931 205.8716
486.4933 291.4315
13.5611 282.1011
710.1572 713.0979
774.5263 685.5649
902.1668 476.5948
112.7611 548.6273
728.2155 16.5818
978.6374 685.0124
659.3669 113.3065
497.8322 195.4942
741.0124 778.6325
359.4199 595.4921
193.8421 763.8515
638.7338 772.3624
877.1440 543.0412
899.2214 359.4155
958.3061 421.5255
265.3093 543.2531
887.9949 312.8210
417.2943 795.1550
309.3233 32.8800
520.0777 274.6196
612.3674 346.7677
455.0277 774.5224
792.3405 230.7268
969.4699 399.1416
685.5267 373.0540
150.2278 773.3372
623.7951 531.4563
303.6456 230.6080
799.7851 12.4739
40.9531 226.4138
593.0716 42.5546
305.8215 344.2583
660.2533 0.5134
251.4335 280.1746
283.2655 687.2084
665.3260 615.1083
155.0370 68.8028
270.6689 796.7314
196.7274 468.1799
80.7179 175.0862
473.1778 283.7058
811.7091 509.6357
422.5633 773.5255
98.1387 209.0087
302.0227 248.5886
563.9076 543.1386
322.4799 462.5339
683.3212 159.6053
135.6908 443.4270
301.0623 68.4783
566.6651 502.6551
545.8307 300.7728
875.9215 349.5143
138.6099 353.5211
313.2605 747.9039
712.5985 374.7031
427.6692 336.4045
410.2586 22.1384
558.9091 765.9934
420.9186 604.6852
615.2086 241.9120
242.6457 409.7654
127.2749 434.6156
565.5746 234.6745
755.3352 314.1275
402.9421 4.7623
807.4810 699.9287
460.2208 43.4770
54.6928 663.9154
649.8799 266.7868
97.3991 232.4615
481.4679 265.0461
60.8648 592.3784
674.4130 591.4907
53.0203 164.0516
144.1519 592.3393
495.3047 178.8349
675.6808 681.8046
300.8922 248.7127
989.1586 5.1606
484.9551 550.2198
114.7089 0.0286
603.7907 96.8275
96.8636 163.4349
473.7424 666.1812
443.8159 44.5225
121.8114 323.6459
982.6963 656.2168
841.7208 437.3754
821.6865 545.0564
859.3139 493.7268
432.3537 508.9577
184.8079 654.8401
657.4654 136.6204
741.6647 437.3448
476.1584 232.0290
667.5355 767.2731
492.9641 534.1597
391.1892 558.1222
107.3358 333.5172
424.8330 22.3765
457.0823 451.3673
11.0196 242.2093
645.1090 714.5768
619.8765 34.1054
907.0584 770.2372
467.9071 578.4522
276.9040 785.4029
357.7477 684.6717
503.2056 279.0673
706.2246 312.4995
62.7658 524.7354
351.8670 575.3673
339.2911 572.1459
786.6969 222.6721
762.6076 242.3439
393.9287 732.9280
645.1340 301.2182
471.7523 527.1774
576.0390 741.9298
775.3980 420.3471
129.4220 259.2613
955.1946 278.4762
617.4750 323.0191
44.9291 681.6249
159.1797 77.2324
106.2204 747.3871
476.4130 607.9274
981.3284 646.8444
732.6471 189.2937
899.7943 139.1984
892.4729 604.6511
420.0562 51.4959
611.9036 91.5790
846.8019 58.3054
763.3519 485.2266
840.6794 738.8407
321.1592 558.9806
377.6289 791.0967
573.7797 159.7875
252.4949 350.0119
286.0893 160.9542
162.0896 651.0702
808.6722 153.8367
582.1079 503.2925
668.6582 162.8317
810.0088 714.6328
359.5610 326.4219
546.5808 57.5721
185.3044 583.9817
910.9885 513.7859
496.1755 665.9223
570.3701 378.9863
352.1061 494.7831
558.6973 110.2988
67.1547 342.0094
376.1182 56.6941
78.1438 625.9099
298.2270 94.3420
230.5735 481.1917
330.9198 179.2170
940.6175 737.8187
251.3818 562.6187
67.9528 697.1787
968.1148 59.8217
575.3559 682.5562
931.8090 400.0376
399.2197 45.3186
697.5179 88.6996
470.9787 733.9131
263.0531 23.9824
338.0452 208.7049
334.5412 611.7887
139.2886 437.6699
733.8727 739.3394
663.3361 702.6161
235.6172 58.3295
947.9976 723.4591
703.0908 612.4594
35.3621 784.8448
949.9078 478.5181
612.4327 64.4748
551.4253 757.2805
270.5084 33.3928
35.6001 406.0834
650.3370 345.2125
303.4184 679.8668
971.4656 17.1546
55.3565 618.8906
811.3632 427.3487
860.2945 545.5530
737.9236 441.9968
52.1404 612.5452
695.4405 343.7749
426.8336 110.2163
437.9529 717.7174
982.5346 294.1669
193.6456 349.2199
57.9225 185.6267
588.6175 181.7007
747.4757 710.6683
793.1808 454.4389
990.9387 11.9188
719.8268 650.0975
76.6117 101.3727
180.5935 34.9755
349.6675 524.1672
244.2443 233.9302
606.1238 382.9611
122.3764 61.4431
250.1989 434.9170
494.9293 588.1749
356.9583 732.0807
220.2873 570.5071
941.4270 624.1667
292.6834 522.9151
526.8442 214.0282
697.7717 402.7563
53.9975 720.3403
705.5017 497.4974
279.7838 162.8439
137.1315 780.7507
230.5359 593.5269
210.7696 297.9120
816.3797 113.5690
977.9097 558.6736
649.9081 363.0104
114.2386 399.1260
33.7562 222.3739
384.1767 661.7431
84.4933 223.2740
609.7477 396.2860
862.7728 307.7306
44.4156 164.5841
184.4268 344.8680
52.2597 244.1185
541.5492 278.2436
25.9921 486.9914
893.1694 738.1589
907.4496 648.1949
590.9586 605.8018
340.9444 663.3916
434.0760 342.0394
729.2261 588.3316
57.1186 87.3682
388.1106 577.0376
677.9695 686.8113
937.9761 370.8020
572.6026 454.6424
518.9129 130.0391
381.2910 596.5071
924.6611 105.4982
15.1834 639.6711
950.9672 68.4295
249.9326 434.2436
337.5324 315.6810
615.5472 289.3559
659.2299 625.9410
810.2595 486.3993
124.3064 454.7529
320.9894 211.6140
178.7844 370.1794
439.9093 373.1516
965.8855 384.1663
844.3253 174.2740
58.5848 751.0674
276.4457 488.2628
314.0265 51.2348
179.8039 612.7815
276.1443 695.2443
127.2225 504.2705
146.9018 494.3594
49.5797 91.5573
38.5018 547.5531
860.5703 463.9126
41.9556 573.8862
60.8129 571.6397
259.0548 205.9561
678.3878 685.9922
353.3350 574.6554
600.5788 279.7837
77.4791 355.0501
511.0355 189.5830
325.7890 297.0875
822.6929 332.7757
641.8870 700.6825
143.0795 261.2324
788.1645 267.9886
408.1376 521.5826
470.6850 778.8010
621.9164 128.2503
44.6106 744.2468
911.8727 20.4282
609.0381 646.4274
510.7961 624.6990
508.1823 465.1892
344.0527 171.8950
830.7268 26.0796
726.2598 304.8717
997.8209 62.7560
77.3114 748.4143
224.5810 402.7967
574.4392 438.5864
418.0801 586.4365
847.5951 422.2051
51.4315 377.8633
524.4481 352.8139
269.1827 668.8072
293.0653 195.2232
243.0733 614.1147
361.9650 364.6569
748.1883 92.3335
241.0465 586.2387
880.2268 289.5049
351.9846 404.5148
914.6355 522.6639
605.2186 359.1744
418.8502 455.4738
826.7839 100.2250
537.6159 621.1586
407.6174 467.8043
138.1402 208.2232
286.8852 251.0755
81.5060 336.8181
983.2478 460.8094
632.6298 618.1160
899.8725 701.1246
15.5123 96.6311
263.3761 443.6630
930.1252 594.2832
126.3980 27.2605
431.4199 552.0373
989.9335 105.9022
866.8800 734.8984
904.2604 283.4942
402.3175 445.5526
711.9835 95.2237
897.4263 718.6831
591.4780 493.3037
994.1341 36.1902
738.7484 283.9661
448.8953 327.0998
449.7537 667.8437
289.2911 381.6848
134.6055 146.7606
765.9557 733.0735
936.6214 67.0316
895.5992 474.8426
369.8739 519.5238
379.3746 350.8696
508.6672 470.4647
944.7681 77.5189
297.3485 272.8938
564.1313 717.8413
579.8282 675.2523
426.6895 258.2401
318.5783 142.7326
143.1966 651.1897
734.6257 791.3643
210.6807 415.3080
575.1378 492.3820
99.4665 227.8328
118.5511 219.0788
438.9167 708.2793
288.4788 734.1545
988.8056 602.7750
924.5159 533.1469
141.0031 165.4745
838.7900 603.8918
27.3501 722.0330
959.8567 431.8638
798.9920 5.3321
832.5045 20.6218
203.1409 753.4448
571.1652 585.6715
520.8939 664.8303
294.9416 87.6919
706.3222 675.7953
444.4051 345.8128
263.0565 691.6022
993.0773 585.3070
116.4626 282.9769
79.0671 634.6562
727.3616 261.6926
507.0602 220.8864
630.6239 410.2753
777.0456 565.4478
314.8099 739.7840
433.3776 745.8944
794.1974 254.0218
841.4310 528.9043
877.5735 28.5089
634.4972 6.3765
136.8747 300.9672
943.1624 538.6781
265.2860 121.1465
813.8689 586.8485
282.5997 158.8584
875.8639 760.6662
857.1568 599.5568
3.1977 53.8090
557.7372 166.8376
178.1150 334.5275
263.0738 304.2322
583.8990 510.1717
484.2331 525.5528
180.0643 240.0805
231.8933 233.6927
485.0600 637.3969
392.2101 285.7023
480.9591 77.2266
112.3674 704.7162
754.9611 229.8171
969.3621 260.3176
662.4182 92.6553
464.7359 255.1248
113.5363 557.5749
704.8188 618.9454
483.7387 643.7770
489.1744 329.6023
234.8600 232.7442
507.4874 711.8485
782.8279 48.6426
771.7987 209.2842
317.6184 313.1027
441.9515 318.9436
912.3687 214.6538
728.1868 271.8732
818.5246 246.8085
409.8115 458.0046
166.5351 164.9607
625.2865 758.3022
613.3040 263.7473
604.9612 15.9359
722.2287 641.9303
90.2527 563.7844
912.2286 613.4736
552.8942 523.9453
518.6490 289.6782
198.4398 125.5943
535.6988 687.7783
229.3345 641.0283
910.6538 265.2017
215.6151 586.6675
940.0138 28.8600
20.0284 752.2842
102.5207 318.3499
484.8999 125.5564
301.4664 184.0042
772.4116 197.8470
272.4582 98.9143
784.0536 524.2208
131.1932 592.4206
269.9987 67.9333
73.8902 577.6903
762.3860 332.3040
14.7418 664.2012
604.8719 121.4780
735.8734 634.0960
194.2841 484.5533
312.1897 258.9814
512.3556 18.7456
274.0497 162.1334
264.2700 524.8406
471.4004 232.9909
93.0624 773.5091
560.9963 386.6796
907.6658 426.5631
244.6140 13.7700
497.0349 314.9161
372.7377 437.2651
108.3043 179.2487
975.1906 317.8789
232.1155 295.8573
563.1533 514.2549
332.4355 647.7446
975.8174 76.3112
169.2557 691.8622
489.8115 199.9752
141.3306 493.1908
473.5147 578.4259
566.6392 185.9438
767.4085 201.6191
311.4550 270.2948
150.6120 257.1544
565.3124 325.2274
5.5718 552.3179
755.0379 635.7566
545.5887 250.4129
652.0086 257.4704
708.8682 411.5449
858.6529 794.2043
81.4343 84.0351
699.2556 300.5488
756.8867 129.6745
748.1488 132.9576
437.6013 777.5330
39.0619 339.3458
170.7221 642.5229
487.1934 599.1947
547.0850 319.5245
296.7510 348.3835
294.2237 737.5762
676.6832 417.9841
615.1005 297.3055
650.2207 113.2141
523.2512 163.5695
613.9998 571.5798
519.3798 200.9915
462.8802 748.9620
927.0796 576.1042
852.3962 108.2714
524.3785 663.5264
9.8212 333.0424
150.3491 53.6384
976.9761 249.4724
187.6744 555.2361
537.7315 264.8281
61.1078 374.9553
156.4530 280.3622
559.1561 180.8236
628.8218 742.3036
274.5806 656.6035
868.0932 467.5747
305.7503 499.6007
403.2684 203.7995
541.0170 527.4941
77.4761 121.9374
730.6581 223.9884
262.9376 81.8577
796.8845 469.8536
766.0543 264.1282
771.9787 473.7360
277.2375 645.8397
871.3366 534.7975
473.4068 134.4795
783.3649 791.2698
91.3383 642.6831
146.4917 131.8547
874.6141 258.6703
895.9533 41.7513
511.7053 351.7512
664.8422 261.6715
500.3751 93.8372
560.1451 301.8476
385.5299 379.5824
311.7618 417.5886
530.6855 706.6285
842.1912 764.2881
945.4899 666.8839
711.3477 671.9009
560.4859 392.0748
788.9651 548.2941
557.9051 348.3307
348.1805 20.2364
365.6872 372.8607
670.0391 582.7932
213.7800 447.8352
997.9001 751.5257
382.4574 143.2045
747.6285 8.5379
442.0806 420.8021
5.6145 248.3126
94.1085 295.0939
253.7603 737.2512
606.7744 26.8226
274.9514 382.9879
43.9174 556.3993
253.0380 500.2163
971.1407 658.6606
863.1853 742.0599
997.2316 505.7921
490.3005 378.7587
874.9368 600.4691
807.4307 30.5549
28.8370 715.4121
153.1918 588.9569
870.9132 105.3186
419.5726 676.6425
56.0480 509.9825
62.3255 77.9804
544.0835 786.7227
194.1824 491.2030
16.6745 669.8188
848.2300 253.1842
709.3090 724.5798
586.8475 755.4408
516.3404 752.4361
403.1731 670.1733
669.6412 51.9639
825.0475 401.2206
728.9571 67.1750
443.3989 220.4204
198.6834 404.3727
172.9682 597.4627
837.8597 2.5795
273.7631 280.5478
341.4525 454.5386
696.2922 452.9514
463.0054 93.0094
90.5617 583.6403
185.6589 472.9188
965.7656 613.3781
788.7367 174.0207
374.5296 65.0199
724.2768 197.3857
837.3083 513.8539
901.4792 152.8688
755.8325 106.1879
53.3353 564.7312
178.0040 112.3409
315.5410 180.7683
188.2453 706.8549
177.1121 235.9459
697.5582 211.6361
489.8857 462.9569
348.8592 513.4607
449.6731 504.8211
831.7304 29.3849
834.7242 308.5446
537.9488 168.5302
702.1875 277.5372
810.9083 637.0171
207.4470 559.7231
503.7653 663.8861
794.2950 72.6060
773.4090 206.5711
467.6882 25.1584
115.2982 526.6657
186.4255 111.8522
586.8208 297.8262
377.9102 470.7126
33.8498 561.0306
629.4721 695.4633
7.8983 337.1262
334.7125 518.3051
100.2077 730.5191
306.2756 373.4730
186.1607 17.4000
809.2213 365.1565
575.9652 347.9748
399.3335 667.2771
252.5748 298.5718
337.8783 542.8447
300.1733 776.6125
877.4327 610.5384
900.8655 405.5686
420.9860 619.2580
953.9819 320.6001
28.5552 409.7635
922.3536 709.2762
965.2356 754.2771
198.4621 777.9422
751.8501 103.9127
333.1471 767.9306
970.3251 247.4188
765.8231 641.1917
458.7135 132.2737
0.8432 117.9928
882.9547 241.0259
80.3753 188.9469
203.3220 72.1335
244.7325 547.7709
845.6684 299.4062
477.3441 275.7695
470.8007 549.4292
698.7797 730.2664
668.4369 665.0776
706.2241 610.4449
95.8249 102.8019
763.0443 106.8210
773.2604 718.4170
819.7911 584.2977
424.5924 315.0803
71.6568 390.6475
740.4291 469.1432
221.6940 486.8179
767.8439 295.3061
339.8510 658.5905
610.5665 601.3476
914.5860 516.4618
138.0799 150.3764
211.2323 348.3205
339.5867 523.2359
425.7113 227.9713
386.8155 657.0200
34.8267 766.8102
421.7369 130.8343
682.3398 667.3860
464.9227 66.1124
686.0656 81.1241
862.4665 642.8402
12.2245 255.2206
574.6822 307.1922
454.6921 388.9115
959.9211 321.3627
771.3597 242.3636
258.6490 507.2937
603.6360 641.9347
450.2699 298.2603
473.5473 268.0508
535.0242 291.8894
785.4947 784.5876
531.7116 306.7775
674.7189 120.3098
337.1157 747.3417
590.1530 158.0904
812.8351 582.1030
454.9894 38.8349
281.7140 97.2412
489.6214 293.6833
889.1659 549.1101
252.3268 269.9694
296.1445 655.3355
542.7485 142.9825
356.8854 14.0152
324.6326 508.7862
595.7789 285.7956
36.6124 590.9442
248.6267 67.2375
94.5726 581.4299
632.9200 344.8804
274.6962 777.4822
688.9920 195.2806
825.5714 667.9343
732.6878 418.8470
458.4196 61.2289
372.7953 117.4004
976.8433 510.2516
882.0369 305.5304
980.2665 63.0119
927.4406 599.4136
422.5299 17.9068
950.3589 205.4864
652.8954 706.3403
836.8533 346.7482
116.4254 153.3149
260.9757 242.5611
514.0396 683.3949
243.7524 639.1633
374.2364 378.3347
760.7190 349.5565
746.8698 622.6472
276.8538 537.1517
604.6226 727.7971
678.2082 218.1435
407.1828 14.9752
414.3248 103.8136
267.0533 479.2636
975.8976 254.5275
221.3237 14.4583
324.6088 50.9780
287.8313 569.6269
826.9750 470.3313
634.7727 263.0016
389.0395 743.8982
12.5672 272.4768
346.3663 355.5065
461.9476 594.0569
210.6374 558.1803
672.9860 204.5541
32.2665 681.8333
967.7236 505.1073
561.3257 276.2394
207.5512 787.8949
369.1915 233.4584
315.3381 539.6011
29.5646 499.8902
166.7343 281.3011
431.5308 796.6607
23.4083 778.6857
556.4395 392.6055
234.7186 736.9410
131.6974 485.6974
849.6682 77.5839
218.3054 793.7047
570.7450 142.8980
159.1175 622.0197
734.4607 320.8932
408.5162 601.0247
418.1800 479.3988
319.4035 290.5397
105.6388 707.8063
960.2394 609.4025
317.7751 428.5016
392.1734 687.2453
494.8332 371.1312
826.1384 359.5647
923.9106 142.1013
288.4078 426.1326
334.0548 371.2172
172.2707 725.8247
383.3534 522.4834
974.2474 328.2350
636.4169 495.1008
138.5720 495.9362
998.9099 479.6545
732.1480 756.3912
325.0203 199.9526
569.3061 377.5308
90.9664 296.2367
742.9654 706.8100
654.1160 441.6459
863.4383 680.2472
161.3793 295.2515
874.6502 140.1688
937.1409 737.1085
322.7242 234.3855
894.4457 165.6058
461.1796 196.0376
603.2490 791.7707
796.7536 778.2442
500.2149 88.9258
604.0068 265.0074
920.1558 127.4133
462.2122 769.9792
6.8833 25.8581
676.8724 693.6502
995.5346 689.7352
70.3656 333.6717
260.0292 572.7813
120.9820 621.2772
647.0893 427.3366
23.7201 384.6461
726.0318 234.3705
398.3967 657.8526
768.7615 290.6986
716.6246 409.2478
649.6298 342.8708
124.0568 116.7870
262.4991 660.1829
753.5779 89.4270
168.9535 330.3144
339.8346 730.3797
795.5531 168.0680
97.1257 513.6285
74.0696 719.3562
491.5769 195.7828
259.9996 236.2337
444.6721 629.8992
699.5617 454.5850
594.4281 609.0582
148.0240 230.7443
221.0215 296.6809
362.7242 232.9746
944.7919 126.6420
633.8946 380.2279
439.8624 235.9037
743.7332 556.0660
146.5261 233.8663
384.2267 509.4099
28.0047 169.3296
302.9566 467.3878
259.4212 576.9115
745.4572 796.8940
405.8446 494.7680
170.4101 275.3708
155.8769 682.0884
314.2962 299.4901
865.4087 388.1966
169.1209 420.1895
175.3874 717.7069
14.2326 757.5586
342.3670 247.4466
224.3100 222.6524
778.0144 631.4194
649.9967 285.2012
459.3217 730.1620
906.3020 671.9817
845.7459 626.4700
524.1183 182.6971
202.5300 531.3953
398.4912 79.0720
329.5151 53.7582
553.2845 427.8031
741.2579 698.0925
970.4372 44.7798
566.7022 198.3776
256.0721 591.5486
689.6990 520.6458
245.0871 551.7100
456.0661 32.1862
609.1377 441.5805
91.3592 152.0113
830.6924 50.9351
903.1336 418.0462
60.8651 182.0690
585.6774 465.0164
464.2713 429.5469
781.4126 255.0867
633.9057 157.1407
116.4064 66.7090
197.3962 433.8951
214.9939 389.7845
569.3293 465.3708
861.1391 89.2191
886.5175 621.9167
194.7988 644.6127
614.4133 365.0036
0.4951 603.6482
601.3541 394.0841
176.5319 405.8344
514.2002 761.1486
299.6373 693.8088
249.0220 220.2307
561.2643 247.0432
440.0438 781.7832
945.6970 390.0644
319.2075 779.4835
470.5063 130.5047
65.5595 345.6119
304.6410 740.2363
443.1983 510.3064
538.5901 146.1245
778.7918 610.2821
213.2164 401.4237
320.0159 424.3196
102.9171 240.0491
609.5267 456.8067
154.5976 125.1102
766.3974 628.6489
852.3573 488.0986
157.1327 765.3656
981.1544 522.7925
788.7486 623.8039
269.3832 746.2748
471.9817 684.9900
303.6181 115.9892
333.7222 283.1469
745.2139 359.7663
425.2979 314.8338
417.1236 609.7782
404.0811 774.9440
353.6120 644.2966
974.9858 613.6389
19.4796 563.4711
208.6090 573.3382
294.7969 298.7801
321.8458 632.7360
325.6851 447.9778
199.4521 171.9839
502.9434 685.1228
106.8346 194.5103
325.4830 383.7462
721.2640 375.8974
971.1332 36.8000
659.4182 550.2408
908.8873 389.6331
280.1426 485.3639
375.0190 81.1519
639.6287 220.8370
369.4488 738.8849
111.0308 107.4278
749.8262 259.6364
775.2429 331.0219
151.7726 120.3357
298.8556 159.9954
88.0052 196.1813
572.7332 610.2297
260.7191 424.8220
291.4194 17.4814
772.1007 54.4031
785.9007 569.1222
313.9612 682.7467
905.1035 356.6723
884.5852 147.3120
468.3264 368.6430
333.0121 542.1350
704.0603 204.2862
747.6503 18.5106
119.1904 328.6232
396.3080 389.0860
48.0311 422.7179
912.9822 409.8093
16.2013 349.7655
32.0840 403.3692
798.2782 632.1100
492.0095 459.8524
634.3738 587.5470
565.3068 779.3820
780.5882 425.4099
798.5910 677.0395
87.7303 737.9975
610.0315 794.3598
751.9073 613.6922
430.9467 221.4919
451.2886 704.4325
738.9366 520.3550
73.0258 518.2719
339.8097 422.1712
692.5862 656.1668
432.3972 17.1868
574.7378 5.0832
828.2226 15.0973
225.2299 341.7197
258.8530 178.3120
674.5383 261.2954
457.7533 532.3215
769.9278 459.5507
354.6453 704.2494
867.2431 122.0838
772.9920 164.9153
181.5867 20.9796
601.9215 675.7587
779.4632 432.0610
954.6606 261.9688
315.3362 184.0831
208.8073 242.3436
424.2836 216.8624
936.3023 173.7886
355.3448 109.8497
898.8796 351.7128
834.1572 300.0912
443.9525 595.1539
739.9128 304.3333
446.8124 319.3426
205.6323 304.4039
814.4994 74.2815
175.0968 730.6266
724.5183 97.3630
756.6064 96.2867
489.1084 483.8787
749.6826 253.5037
190.9811 788.1217
799.7912 287.8868
255.2845 89.5939
456.9537 5.8045
803.4117 320.2467
857.4931 283.7449
945.7318 669.2277
434.1489 678.2465
300.6944 799.7653
84.4515 514.8656
389.6862 377.0892
951.3091 219.7729
647.3596 258.6167
140.7358 199.1985
564.5792 102.3586
155.7583 556.0562
762.2878 48.9452
802.3803 693.0760
660.9522 297.3632
414.8764 125.9862
172.4200 749.0333
965.3002 593.5733
810.3197 145.2918
879.0774 87.5133
162.3737 398.0443
306.0648 500.2500
908.9809 212.1451
321.0727 626.6151
331.5820 711.0564
34.2228 697.6226
913.5769 37.1996
377.0368 478.8060
525.2046 126.5381
14.9385 717.7510
92.1239 790.5532
112.4106 380.5515
983.3688 684.9123
536.7272 107.5243
603.2711 509.4842
311.4309 375.5896
902.8830 102.5589
656.3743 292.4662
613.6096 573.0522
477.7898 598.9751
851.9685 157.0297
219.3111 103.8461
942.2891 180.4415
82.1890 75.8314
403.8385 709.5343
105.2282 180.9787
184.6268 527.4955
328.6258 779.1654
668.3564 415.9335
577.1671 706.8663
759.8936 105.3657
422.0210 528.9615
579.3686 747.6995
34.2253 724.8116
385.0300 38.4147
197.8962 145.7380
142.9545 27.2912
794.7722 129.5082
322.5324 457.6694
483.8449 275.1214
628.7129 653.5916
577.2015 361.6833
214.8362 497.0500
545.8794 94.2553
279.3052 614.8088
923.8856 269.8037
892.5268 204.2275
806.9885 389.8841
548.9008 530.5985
668.0127 273.9000
519.0729 50.4942
365.4222 513.8342
964.7535 100.9825
227.1251 365.9468
111.1370 440.3718
295.7134 698.6454
307.0304 348.9313
984.3117 66.3738
866.9675 403.7790
397.5581 752.9998
998.5448 155.9024
840.0128 177.4857
16.7192 586.7299
353.9365 480.7490
151.7712 687.9410
525.0452 640.2080
362.6562 184.3388
947.1635 424.6961
374.4721 80.1105
165.6355 507.4501
618.1843 674.5910
751.1042 121.6409
942.1920 487.7324
858.2952 222.7371
959.0568 759.1193
296.4964 720.7653
972.0089 714.9956
468.0041 108.8959
938.1433 0.2829
251.3292 444.6059
311.6054 738.4417
613.1173 767.4206
59.2222 328.3004
143.7916 657.9530
764.5929 645.5906
950.9106 193.9705
786.3128 516.8677
390.9997 154.6970
834.3290 56.4253
963.3573 220.9743
892.6385 98.7771
739.6550 755.4729
151.8462 354.7051
672.2381 608.4677
10.7690 93.8336
311.1606 82.0898
628.5457 376.8875
660.4214 239.0578
124.8645 594.3294
454.3674 56.3222
978.9930 728.4049
341.3772 217.6822
987.9594 305.2014
891.1167 90.2701
466.5257 467.9829
876.2423 553.1495
794.4556 606.7676
224.6334 82.4401
997.6053 482.6529
599.0470 290.0395
869.3613 531.9285
836.7091 770.5955
421.6741 510.4479
865.1672 224.1629
724.0524 220.6925
251.6708 406.2588
419.6454 669.0370
983.0866 66.4747
101.1310 644.7932
242.7442 395.9809
591.0844 532.5028
103.9655 624.7375
708.5291 448.5366
837.4120 300.6579
518.9668 740.1945
382.5872 481.3298
590.3430 634.8800
954.0715 460.5004
117.4734 611.2245
360.7008 538.0875
903.7896 337.4635
393.7451 595.4478
347.3045 630.5091
852.2330 458.6759
522.7654 752.1576
813.1607 502.4947
777.6308 535.2547
25.6406 453.5440
24.1444 756.7598
98.8042 736.5358
801.8952 583.2459
849.4301 202.8114
818.3684 275.2398
973.5796 198.9609
446.0070 38.2393
458.2046 792.7806
263.1737 634.9128
209.3810 616.6471
547.2777 257.5049
401.3209 278.8313
815.4695 675.7759
856.6464 267.0106
616.4027 591.8875
836.2356 182.0567
828.6831 81.0385
721.9407 511.5614
312.9243 397.7542
186.1921 306.1571
264.6804 565.9169
350.5939 644.7180
895.7802 603.8167
959.3083 258.2078
111.4806 465.4775
908.8303 560.1826
560.4853 605.4165
538.2544 318.3770
695.6361 158.8957
90.5422 478.3755
876.9331 323.7097
263.3700 572.7105
532.8278 317.4054
921.2583 82.9008
956.0750 651.6585
887.4511 235.1298
570.1068 65.7693
999.4389 354.0288
40.7728 438.3898
667.5213 219.0306
494.4929 666.5984
983.2623 196.2814
225.8327 518.3160
215.9681 9.9347
243.6802 16.6192
612.2205 670.3446
414.5258 440.9809
568.0857 329.8589
847.9048 464.7165
627.2551 710.8833
979.1311 597.4342
706.7459 785.5330
803.4261 210.8459
370.2285 720.0423
936.9222 256.1238
357.0742 766.4729
134.4928 687.9558
986.2558 197.5163
538.2754 103.0117
981.0110 627.3749
507.4538 380.5902
313.4848 645.8029
604.0916 576.0850
717.5645 515.9728
554.0728 788.0617
465.2864 459.4073
53.2015 495.0448
497.1329 348.9474
953.1640 137.0729
559.9587 447.1968
57.5458 278.0825
867.5771 118.3041
682.0070 52.3302
718.8688 455.8029
947.3511 582.2084
713.6122 392.6479
704.2178 754.1985
986.2066 172.1633
452.1117 430.7166
674.6676 264.4266
569.8574 700.7750
946.2678 115.3865
539.6126 545.0574
314.4586 5.4203
609.5944 569.6910
358.3495 95.7467
977.3538 491.0804
529.7720 584.3043
732.5563 199.0396
601.5255 607.0568
179.3408 144.9905
649.4070 395.9800
119.5001 71.2846
946.1471 459.2023
949.0299 309.9609
407.5742 557.1320
138.5095 274.6363
95.8633 284.1256
707.2630 703.2516
499.6818 147.6531
401.4278 181.3122
985.6360 506.4059
339.7202 601.4523
523.8673 16.3206
606.1594 785.6081
59.1462 298.5176
168.5131 770.8798
529.1210 3.7288
384.7535 22.1228
905.1450 450.6918
859.3586 764.5694
188.4821 496.6979
181.7867 174.6991
345.2480 697.6777
912.6146 479.7746
573.9850 713.1494
706.3676 703.7376
177.4920 119.0798
818.9954 24.2733
38.7743 430.0719
958.0314 752.5632
807.2048 249.3323
291.4309 279.2432
180.4168 414.7911
900.2306 398.1208
603.5034 797.8735
919.9991 750.2546
928.6065 438.3843
388.8458 358.3485
116.3816 443.5695
338.3439 292.5548
239.4514 654.0684
188.3402 323.4278
358.3214 733.2884
921.1246 648.7259
909.6681 566.1099
839.0622 79.0243
519.8438 530.8101
320.5531 421.8700
575.0868 425.5405
394.1849 437.1049
200.9321 256.2531
447.9046 158.4332
944.2473 341.0554
435.1388 65.9111
23.8342 83.4548
561.2530 487.7306
305.8976 793.8299
770.7408 616.6742
698.9017 422.0401
41.6325 757.4239
307.1198 469.9759
900.2763 434.2296
640.9324 591.4056
534.2921 37.7660
302.9459 150.5912
964.1871 41.9482
825.3943 698.9642
738.5401 419.1876
178.2901 296.6591
699.1831 728.5297
98.6507 759.9714
892.3561 569.9285
72.9635 162.8866
206.7369 512.3369
15.5927 737.6691
206.0298 551.5116
924.3122 3.7910
240.3874 650.9102
831.3040 787.5216
987.0855 661.2578
371.7838 670.2298
44.7568 113.3355
246.1732 534.8262
881.9448 338.2725
570.5397 690.9947
626.1904 163.9010
878.6810 589.3069
272.6149 552.2250
415.8874 330.9119
278.0867 720.8606
816.7246 390.5732
600.1296 501.2297
395.4685 556.8014
449.1282 530.3704
222.9746 510.0776
115.2784 721.7737
488.5368 146.6868
327.3786 754.8025
256.4992 544.7245
930.6193 318.5636
536.2601 227.7639
570.1083 86.7936
119.4007 658.3020
884.0266 760.1673
554.7500 398.3738
127.1150 796.4468
468.9570 87.4751
228.6451 666.4758
184.4783 610.0331
806.4091 193.4015
615.3208 350.4868
142.7587 477.6012
41.0519 746.8925
766.7902 151.1755
210.4314 254.3370
568.8014 758.8715
341.3475 760.3315
921.8398 280.0938
200.6493 515.3081
391.3119 122.4780
291.8056 50.9195
183.9632 155.4713
658.0122 351.0973
871.3373 55.5063
245.7761 422.8453
556.8531 114.6908
964.1765 45.3705
684.7628 327.9393
534.2738 494.8690
169.9152 746.2405
370.3721 114.7892
103.7926 186.9296
381.2134 450.1693
813.7061 614.9563
119.6421 179.6145
628.2866 450.9110
73.9240 519.0901
910.8115 749.7687
644.7902 225.9748
616.0491 359.7370
748.0694 546.3049
612.6085 276.1170
987.9775 363.9874
919.4265 122.5103
536.4547 288.1081
144.4074 509.6746
174.3532 773.8960
999.1405 705.5500
368.0781 16.7497
805.4505 115.1870
459.9321 568.5487
541.4985 181.5885
402.2309 672.1083
352.9414 753.5049
421.1407 334.1805
733.4493 355.1143
388.4429 290.8482
326.0110 319.1064
723.3077 164.7321
216.9593 152.7721
194.6019 698.8849
659.3260 495.1010
900.3543 438.5644
763.9766 326.5665
644.0000 170.8109
141.3315 86.9201
652.2374 240.2562
832.8879 619.6621
623.5961 40.7086
217.1781 441.3545
156.7193 307.4324
517.5009 144.2522
442.9803 555.1757
385.9707 533.5948
273.3200 596.7774
563.3640 124.6845
401.8765 625.4871
197.8097 329.0318
468.5798 694.4241
130.5551 745.0020
316.2146 746.4162
612.3249 588.2541
875.9166 540.9515
786.9623 68.6000
8.6687 689.7994
52.7527 682.0807
313.2939 721.4430
203.0071 120.4823
213.0119 672.5428
362.9401 727.3965
583.4485 662.6036
475.0873 562.8826
289.7410 81.1996
561.8876 720.6536
152.0169 332.1487
532.3052 494.6311
158.2804 441.8570
469.5677 786.6424
689.9637 722.9213
976.1247 531.0953
146.6463 355.9231
755.6735 108.4790
380.9491 303.4958
170.4580 15.9633
688.1215 654.3614
930.9422 467.9130
181.8337 715.1904
970.2967 757.2833
566.7830 708.4831
987.8153 709.1926
68.8900 107.9547
300.1045 314.8926
149.4860 794.3174
790.9675 535.1231
961.5751 256.5589
711.4082 759.0094
83.0727 482.2500
799.3177 12.7644
891.0477 334.1909
169.0602 681.0023
192.0231 224.1967
520.4316 732.7400
489.6091 724.6533
52.0111 191.0431
306.6361 359.1449
432.9497 32.3646
749.9976 607.8121
458.0875 64.1953
551.2741 104.5199
978.2487 499.3357
734.6413 15.3697
380.6711 723.6279
380.0169 28.7865
671.9039 557.4849
335.6349 642.5168
853.6267 627.2963
407.1950 273.7030
942.9063 575.2937
552.3826 391.0643
266.6725 730.6859
918.7761 67.8362
666.2226 254.8911
508.7913 90.8202
810.7551 644.9813
107.0496 59.5317
373.3883 123.2049
801.4571 623.1013
863.6904 7.7162
13.4472 645.5890
870.1596 493.9685
156.2438 500.9011
871.3494 368.6104
873.4014 628.9053
105.8327 97.5827
704.1476 159.6170
746.0641 64.9245
91.7039 761.1135
3.8411 633.2742
233.0757 39.9989
79.4120 256.3240
529.3335 380.8353
197.2998 790.3437
605.4578 148.8519
288.0635 540.9275
865.0082 49.0131
184.9278 5.0507
175.8509 158.1764
143.8928 433.5987
972.7237 559.9736
702.8681 60.6238
187.0481 257.1244
991.9804 129.9389
635.2969 473.8466
601.5540 405.3236
285.4030 341.2186
824.4686 588.3545
530.5508 523.8737
968.1390 201.3345
754.2971 51.7227
62.7830 275.3786
732.9142 495.8763
817.7035 63.9613
764.4338 572.8878
11.9989 595.4150
88.2317 470.5109
916.3334 289.1838
681.0808 542.5564
65.8788 209.9498
839.7252 360.6296
742.1926 384.3590
499.6949 610.7300
313.4747 799.2779
190.2851 469.7833
42.6995 282.3160
464.9448 369.3122
923.4460 677.1853
972.2761 370.8991
899.0896 361.7411
142.0829 600.4417
419.5972 19.5839
139.4320 253.3788
989.7621 505.7544
399.4183 11.1601
791.3751 529.4177
172.7799 474.3497
183.9096 75.8770
391.2916 119.9199
337.3152 17.3445
392.2319 242.8177
955.1958 439.4629
227.7393 389.2278
723.7292 346.2850
947.3309 127.8565
969.0999 47.8083
961.4394 53.5249
323.2825 381.3602
289.3219 188.1219
943.3380 642.8976
416.3454 10.3741
308.0077 126.8819
630.4590 547.2461
428.9974 97.4779
129.4281 225.5177
724.7568 645.6994
864.0975 295.6540
970.4307 50.5000
447.0782 333.6005
209.4560 260.9605
233.4383 697.4990
312.5370 732.5903
972.5279 629.4449
554.9957 461.7758
331.0607 155.5022
127.1328 257.4662
632.6817 776.9085
228.9267 474.2678
237.0179 655.7256
488.5879 375.8020
19.3973 408.7684
95.5827 600.1539
623.6070 65.0461
490.9405 482.0798
890.9106 766.6182
266.0073 359.5879
777.4332 633.0253
276.2104 114.4667
847.7728 47.2170
246.5856 506.4559
327.2144 659.8694
482.5531 116.8962
272.7576 256.0285
985.2846 483.8168
536.3102 659.3092
645.8416 766.1806
597.5872 96.2899
733.4199 588.3959
194.9431 639.0788
282.4563 632.5674
422.9913 654.8692
10.9140 208.7903
144.0596 20.2270
651.6350 609.8989
78.7097 371.9516
909.8066 118.0918
625.8899 444.2115
593.8451 606.7693
107.7449 218.8416
275.9494 565.0374
453.3335 130.3209
128.5357 764.8844
123.9149 694.1902
552.5751 295.0576
315.2687 576.4010
550.1271 503.1123
646.3283 316.4302
326.6105 668.8587
34.5340 226.3271
565.6169 454.8237
883.2596 44.6873
717.2702 105.4934
63.8779 54.3157
151.5699 418.2245
940.1228 188.0109
754.6596 777.8555
338.1580 330.1134
750.8507 393.9646
545.1114 419.7435
641.8187 316.7921
154.9840 658.2768
814.3642 358.7985
115.2491 729.1395
260.7547 191.4123
644.7586 446.1477
52.4831 674.3145
225.5199 33.9159
219.0009 186.1325
152.6307 696.3865
500.5839 258.3602
755.9631 536.2104
19.2557 612.4293
492.2273 535.7137
697.1247 440.0249
40.1300 471.7349
208.8366 466.1913
7.1524 561.4594
581.5832 294.4946
898.5790 131.3433
212.7783 428.9840
915.2007 595.4031
281.4171 445.0102
510.8796 127.8907
201.5859 486.0948
334.4857 261.6465
260.3418 95.3341
285.3817 23.0540
603.3679 521.1269
511.8051 324.5527
184.8320 33.3281
804.6358 594.2507
874.2343 160.1141
570.2070 597.8184
832.9297 539.3651
886.6522 654.2882
360.9383 43.4940
626.1176 453.4773
884.3804 201.8661
511.0994 247.9213
216.4236 144.7353
333.9320 399.6742
719.9421 575.9754
457.8843 312.6035
753.8586 736.6552
480.1756 477.3923
795.0032 533.6195
937.8252 62.1393
107.2616 0.2166
31.1999 40.0224
11.2119 219.3851
0.0095 356.0485
728.7482 768.9667
97.2327 294.4398
645.7721 776.7522
741.8465 298.2568
279.9787 522.9008
297.4699 27.9942
120.0765 113.4705
456.9276 745.7965
983.2831 731.6529
120.3250 509.3678
952.4250 634.2100
880.2906 745.6345
174.5813 90.0694
724.8090 364.1957
886.4400 555.9349
273.1346 18.0472
563.2307 50.6271
691.8015 172.3805
397.5389 301.9400
37.1612 345.9900
465.7016 140.0183
13.2691 717.9265
656.6100 767.5431
876.3758 567.9214
718.8708 162.1589
267.2844 536.9940
963.1896 150.4559
689.6752 648.2831
995.8375 35.2985
563.2120 685.5986
558.9444 562.3575
791.9638 572.4555
742.5260 229.2137
88.4160 293.8377
820.7142 435.6726
373.2675 721.4567
726.1986 432.6136
320.7112 511.4513
407.0016 464.1694
372.1099 786.8102
767.3133 118.1065
672.6579 711.5433
675.7107 326.2606
961.3864 69.1564
253.2003 110.1132
924.7191 516.3713
450.7687 431.3694
680.3377 711.7927
343.4538 734.6389
982.7141 116.0404
341.6499 506.1580
744.7939 680.8783
573.6926 781.7856
792.2778 659.7484
396.3502 658.7547
880.7230 792.4031
543.9967 415.6551
575.4646 203.7737
550.4486 753.8319
739.7113 547.2086
787.7242 391.3440
325.4873 669.1750
373.3221 749.5425
523.1210 655.4887
219.0714 280.9075
407.9984 601.2524
106.4266 512.3755
453.6541 667.4794
895.2344 150.6649
0.5961 634.8752
504.5111 86.2407
144.3555 57.7653
950.1106 193.4667
406.1199 660.1856
541.9669 77.2698
814.4944 18.8045
31.0974 96.8604
185.7141 620.8543
71.3362 202.7471
951.0127 337.5340
357.5143 322.4006
697.8185 240.1724
387.7473 166.7587
428.5239 471.7526
478.4395 491.8425
41.8749 393.0668
31.5180 255.7055
31.0403 560.5052
861.1749 307.0042
539.0173 78.4055
688.5911 496.1854
351.0549 777.0899
490.3085 21.8625
38.6716 389.9587
905.8754 379.8974
543.7350 66.3717
724.2786 572.4868
922.3109 363.7490
749.0522 193.1029
984.0002 27.4737
309.8136 621.7310
854.6422 173.2443
410.6071 8.2352
128.3842 690.1733
780.8349 748.4305
444.4300 401.6581
463.1800 557.7048
388.1781 739.9844
653.7023 38.9719
585.6611 558.5732
491.0990 721.8094
293.3895 130.1969
290.2867 265.1325
109.6746 123.8370
837.3744 159.2985
486.2475 4.5540
775.7401 645.4421
905.4100 617.9701
43.8747 146.1422
340.0704 546.4265
845.5384 182.9860
444.6664 560.6240
911.6552 81.2302
139.2053 592.2851
946.6724 450.2166
438.0973 293.3405
698.9212 16.4301
525.1752 555.0497
634.8320 85.0625
473.6580 223.1218
557.2816 337.8042
65.1753 210.2205
948.6620 286.1141
401.3270 735.4196
906.6162 700.4264
121.0109 129.5963
570.4206 531.7128
446.1021 797.2164
373.3169 210.4053
66.8189 631.9985
185.5102 330.6046
559.6666 185.7986
147.3872 106.5719
701.4739 8.9549
59.9940 630.4697
112.7526 532.7290
585.5729 7.0860
880.3846 109.6494
920.7317 688.4685
801.2253 150.9336
474.7596 382.9875
99.0470 310.2860
633.3966 433.1223
803.8700 116.8899
126.9556 407.8943
861.1855 54.3952
513.3846 789.8894
566.1574 197.6543
753.4137 671.8168
361.7225 180.2736
262.4685 47.7384
431.8710 696.5350
780.6320 22.1322
671.6560 744.6240
390.7762 485.1492
866.9354 598.8868
127.3264 491.9166
790.4676 710.9953
646.0410 604.3441
157.2851 479.1831
287.6277 618.4793
432.7415 24.7312
66.3340 67.8741
891.6505 116.4510
641.4001 295.6169
393.2673 371.6057
806.8114 733.6886
303.4969 428.2328
327.0878 246.5135
948.4959 409.1520
386.0939 696.9272
688.4517 556.1996
923.4540 484.1639
661.0088 459.1905
469.3281 72.7902
489.6755 273.9280
516.9976 505.0927
251.5929 214.5693
271.2512 231.1576
513.5179 250.4413
905.8108 725.7741
566.0149 278.8106
306.3476 660.5882
517.6718 329.2314
263.9101 339.0785
659.1111 614.6512
890.5504 111.4221
769.9090 236.0122
687.1034 289.1896
542.7759 256.9140
798.0306 465.3992
173.4156 579.6742
876.1457 510.8763
205.7338 631.9560
830.3893 146.4623
647.4773 397.5646
245.6338 387.4747
270.7405 454.5515
537.4086 117.0719
605.9838 202.0286
966.5137 650.4916
983.8676 2.6137
188.9281 747.2976
927.8057 363.8085
990.8538 466.8669
277.0917 453.9629
199.1900 40.7944
427.7073 785.3573
595.2718 381.0945
386.8847 95.5558
181.1047 289.0679
801.2998 43.6017
847.1747 221.8848
548.4907 214.7314
783.8706 740.5982
686.7243 163.9142
891.3115 453.2539
9.8561 270.0847
624.3600 221.7390
429.8026 184.3907
618.3119 456.4937
266.7358 442.0926
840.7680 121.3623
553.7102 253.3742
219.8723 644.5682
825.1194 162.5130
616.2966 763.5787
91.1778 592.3649
978.6725 215.7833
486.2571 76.5469
845.3823 176.7788
459.5066 132.5140
173.5431 176.2733
107.3869 191.0166
308.4942 463.7101
599.7163 309.3626
213.3878 80.2933
81.9971 569.9400
442.5276 591.3315
384.4755 492.0423
380.1626 433.0117
271.7233 705.4450
491.5198 631.6702
523.9354 257.6640
499.0322 492.5103
838.2190 485.2431
372.9611 562.7651
600.9535 559.1431
377.6643 630.4560
207.1309 251.3694
405.1023 199.0125
290.6788 184.7164
600.4356 375.7704
24.2760 748.2124
244.0729 558.0647
452.2458 640.0805
388.8699 276.1473
380.9709 392.7660
724.1785 727.3504
89.4609 203.9406
228.5568 293.2758
997.0991 382.8246
168.5417 682.9176
645.0089 479.2842
810.1422 676.7220
979.1615 291.6575
760.7102 71.9780
915.8499 73.9014
695.3128 40.0521
79.2554 745.6081
453.1008 234.5222
858.5003 222.8108
915.9629 183.2709
311.5983 416.4064
231.8156 73.8168
52.1465 523.6975
784.2630 763.0711
941.5088 140.7551
547.9386 753.6129
894.9220 188.9962
807.7287 156.3080
712.5291 53.9057
101.5103 653.8318
178.7306 99.3098
462.5371 608.6882
723.2085 122.1749
932.1501 196.5172
8.7465 684.3259
766.3496 410.5967
20.7180 403.6078
56.8501 107.9593
48.3445 124.7275
132.2910 689.3506
834.2799 459.0916
279.2771 196.6311
175.1450 87.9009
248.2148 512.1089
754.5136 53.6592
377.4251 0.4587
460.7727 639.0704
677.5254 316.0135
541.4690 323.1188
525.0508 769.6839
943.2853 283.1484
605.5172 574.6847
749.3433 601.3050
523.4704 326.1426
503.1525 399.7814
804.8387 165.5144
599.7982 294.0010
298.4422 483.5166
412.4130 300.7554
373.6234 251.6361
198.7028 12.8332
435.5375 510.7629
147.1702 692.1577
790.5243 599.3802
649.0713 241.5777
244.4918 13.1024
227.0715 351.2208
486.7758 373.0792
465.2047 705.9067
463.2993 332.6400
51.3463 758.1803
897.0389 738.1974
295.4181 42.4955
465.0894 309.2455
653.4320 346.7059
598.2365 283.8195
512.5615 381.6865
933.9772 694.9032
479.4585 281.9859
193.4793 737.5882
165.9454 793.6796
145.9390 568.8840
269.6086 19.7468
218.6938 416.8728
24.1398 322.7296
798.5112 368.2328
621.7727 227.9417
50.9163 413.5980
123.2978 350.7183
487.5168 610.9117
36.1559 623.4463
728.6644 453.0805
67.2892 774.5036
932.9476 302.3400
660.6163 351.8892
722.5435 213.6847
142.2112 731.9959
93.1896 307.1116
394.3994 33.5133
302.9103 762.8477
194.4934 455.4359
417.5891 660.7377
151.6465 437.6448
255.1479 732.8570
0.5670 52.9826
858.8407 212.4062
482.6646 52.8713
468.3066 784.9578
924.8218 394.7858
79.9695 367.6850
899.4053 493.4387
979.4581 680.4751
955.6684 206.4667
558.5686 711.3362
814.3804 264.4799
664.9415 421.3673
667.7519 668.2869
589.7796 546.0811
806.1890 622.6369
245.2965 651.9455
433.8734 217.7508
939.9400 240.4552
972.7611 793.0503
51.2866 473.3543
801.6738 206.1138
824.0690 444.0113
844.4882 175.1620
956.1768 371.4781
153.2583 78.8778
542.2093 290.3943
742.5236 335.4332
331.2131 64.9034
162.4455 384.9389
928.4098 53.0565
313.9570 711.4452
435.6234 652.0487
154.0459 378.5393
30.5955 750.0752
118.2264 188.5459
879.1058 393.4886
958.2743 470.7386
405.3177 679.5600
286.4676 488.4582
164.8944 127.3536
327.1429 301.4781
82.8784 65.6759
796.1943 6.7919
540.3705 394.1188
92.3150 776.0482
808.0985 518.3758
991.8373 1.6698
177.5731 106.7866
983.7011 293.4136
685.6617 661.4059
357.2505 457.5978
40.4298 714.3038
330.1417 31.1538
582.8635 790.5477
614.3633 657.1438
192.2481 135.9475
390.8642 794.7849
107.5385 474.6961
615.4351 420.8700
831.8022 227.5559
64.9425 484.9342
259.9822 514.7712
699.9427 76.8962
606.4836 551.2256
32.0337 681.7251
665.0086 555.9270
810.2708 287.0015
508.8759 234.9226
705.6574 320.8752
806.9659 188.1001
984.5987 247.4609
326.6097 192.5450
148.7209 124.1753
79.4531 470.1465
117.7181 86.1396
448.9202 119.4615
73.4422 616.2934
687.7258 463.4162
718.6405 348.2679
122.6185 515.4488
942.5787 441.6962
587.6708 749.9490
209.7719 378.5826
33.8361 125.2248
191.4886 52.8443
31.3795 682.4541
252.1820 149.2500
497.6169 526.6636
397.4896 567.3134
323.5796 106.3226
326.9082 773.3577
422.3484 251.8307
915.4932 453.2550
699.8552 5.9510
783.2067 763.4317
415.8010 389.5154
988.3688 118.5342
884.2191 192.0187
603.9218 765.6501
907.3069 576.6275
417.8702 616.6880
631.5380 569.0922
800.2086 298.4191
2.7373 386.2387
824.3240 400.8615
211.0618 266.0143
658.6656 589.2364
504.9811 424.6953
889.5864 794.9049
612.4638 489.7796
434.9377 759.8536
800.2794 363.9620
719.1072 437.6985
538.7923 604.6189
44.5137 266.0843
407.3363 501.6342
791.8383 379.6141
878.2344 743.2387
914.1052 487.0084
230.9452 252.1436
590.8937 359.4171
300.2825 521.6438
38.7105 183.5783
904.3804 203.3135
265.3659 424.5943
40.5441 761.6069
449.2499 317.5841
430.0108 766.9100
802.3912 218.9078
814.4247 437.2367
416.7551 401.4015
952.5973 635.7038
640.0197 244.9633
600.2450 40.9566
988.8684 170.7316
661.2886 230.0457
115.8717 187.8667
989.2771 448.6038
328.5874 436.0506
200.2571 548.0672
79.6769 517.4744
946.5786 16.5527
129.8775 599.5282
258.1932 525.9657
671.8109 332.4605
905.9545 163.2747
163.9073 78.0834
931.7415 247.5939
542.3195 438.9445
68.5898 786.2509
873.2212 682.4242
3.3282 191.6411
778.6649 635.5412
944.3639 772.1149
113.3708 361.0333
121.4390 612.7998
779.5375 372.2378
122.0975 534.3987
278.3006 66.6145
789.0000 282.5921
387.8807 151.4401
944.9407 580.2522
910.9199 496.2736
969.4221 613.1871
992.1230 129.8337
342.1012 417.6694
689.5298 155.3364
991.1135 605.8515
351.3826 272.1446
389.2782 605.4051
103.5694 409.9358
811.8094 169.8880
190.1437 509.9914
773.4634 598.1875
66.9006 794.4178
226.7512 525.6206
912.8828 395.5001
770.8390 309.8205
642.5274 159.2905
41.9646 362.3275
3.7217 284.3372
987.6624 747.1360
648.7168 332.4269
837.5191 775.6670
862.0068 68.1802
843.0224 475.7188
561.4123 93.1951
135.7703 395.4763
996.1357 580.7229
340.7033 499.9572
32.4801 668.1814
317.0669 249.6465
822.1646 234.7611
858.6569 43.9304
300.2051 771.2624
136.9195 206.6251
379.5812 122.4294
339.9412 329.6239
74.3973 424.7699
75.1117 246.7081
299.8201 18.1858
981.2539 262.2031
711.8003 695.6039
931.4103 482.3251
851.5699 290.0257
95.1573 211.3599
333.7852 710.7267
182.6190 169.8484
800.3716 185.2155
276.5149 673.1738
550.2084 433.0451
859.2526 649.2617
548.9365 461.8895
690.4822 237.7651
552.3667 238.0368
895.3258 601.8415
40.7374 735.0707
420.1712 526.3180
269.0482 41.6428
68.7476 759.1871
588.3043 85.4630
476.9771 375.3785
361.1282 433.5715
264.2823 472.6831
561.1905 635.2857
82.0089 134.7038
648.4858 455.2122
866.6922 504.6711
16.8455 174.7343
708.1615 135.4957
957.2916 691.0602
509.6845 791.7175
5.2865 418.3801
273.3144 635.7288
776.2623 150.0400
547.5638 47.4973
211.0075 533.5058
192.4718 422.2249
344.2679 323.6165
590.7701 728.5970
287.6628 199.2245
856.1400 99.7190
420.2242 518.6701
497.6772 782.2527
405.5450 152.9320
252.9362 102.5528
184.3579 512.6564
119.9772 536.8190
132.4486 32.1650
998.1450 595.9041
731.2525 547.2545
132.9621 174.5085
959.3998 459.6598
651.8530 573.7892
829.9707 11.0079
106.9537 165.0668
144.3837 579.4514
785.5975 695.0409
325.1116 328.9015
659.5202 544.2516
443.4118 161.2392
635.0516 165.4252
353.1782 695.9609
858.1136 529.8428
489.9133 759.3144
437.4508 201.6890
433.2934 126.8841
781.3931 666.9520
748.3243 419.4256
203.8399 88.3332
287.2099 226.7569
177.0601 615.2429
473.2340 610.1067
65.2950 363.5432
303.1957 179.4526
200.9240 691.0782
839.4680 770.8065
269.6395 384.2802
438.1293 106.7894
781.0078 516.1763
384.5816 789.1945
551.7466 513.5108
144.6922 214.1406
370.8341 203.8489
98.8346 689.6019
516.4805 248.1737
403.7147 50.3742
957.1541 85.6953
898.7757 201.6790
244.2942 766.1432
931.3716 684.6801
574.4137 739.5445
921.8275 502.0155
977.4517 2.6967
958.6215 261.9013
689.6378 443.0979
567.9511 1.1684
193.4191 86.7730
306.3381 611.3298
251.1677 643.6746
586.1924 503.0776
669.8363 768.5232
565.2157 285.5100
379.9215 499.6954
890.2571 259.7720
857.7964 285.5045
758.9265 425.9888
493.1505 344.6586
562.4353 551.7834
103.1924 716.7402
231.3044 693.2412
204.9594 329.8879
995.9561 58.0832
680.9608 780.7418
441.2812 108.5770
738.0245 174.7764
96.8562 205.1652
918.2035 327.3105
991.3156 514.4154
889.8016 714.4822
93.4830 738.8537
611.7740 74.8081
250.3167 478.6588
746.4177 750.6174
241.2100 380.8100
277.0815 133.6302
757.3264 582.9317
926.2282 391.6396
992.2570 636.5778
887.4683 80.0748
503.7005 183.4634
575.6748 0.0743
696.3791 747.7239
753.3274 445.0295
164.2944 591.1206
980.7049 457.3634
667.2986 154.0357
822.3140 187.3756
45.2042 143.5133
827.2775 158.1157
295.0000 49.0201
449.4670 494.9170
31.4909 580.5951
724.0619 293.3139
756.5894 608.8741
834.7464 345.4580
687.9171 666.8957
159.0689 302.4689
171.3752 28.1036
175.0957 674.3262
420.3567 67.8618
157.5343 58.5704
415.0528 347.6948
699.6875 132.9513
713.6970 570.9778
883.8286 424.6926
900.9139 473.3463
961.8911 468.4964
330.0493 362.4441
828.7755 475.4157
660.5166 172.4701
449.0586 137.7080
836.6900 356.0606
315.7302 485.0250
926.2131 638.6417
835.6237 157.0157
295.5342 618.0465
464.8684 72.8198
581.4025 637.2814
126.7789 43.0338
737.0036 426.8343
857.1758 448.0519
394.6071 519.7242
712.4490 653.3635
52.8317 143.8341
875.7991 639.1543
240.4829 40.6065
858.3032 434.9364
74.1729 431.2023
83.5679 420.0607
93.5365 208.9122
548.9074 662.4881
44.0186 392.4067
837.9014 111.7699
790.0281 559.0204
89.3831 118.2578
442.3476 337.6979
633.8545 64.1255
760.1396 368.7194
681.3389 794.2015
337.6815 26.4849
11.5296 21.8574
664.8821 19.3658
809.5975 24.2779
322.4966 606.0468
807.9721 468.6724
82.6326 152.3376
953.0887 78.6085
783.6497 431.2251
371.5395 629.9726
748.4717 483.8966
719.2254 790.7223
312.8440 537.7428
794.6896 403.2161
289.8618 233.7103
159.2745 436.6202
147.9436 534.5149
540.0134 229.7470
522.2222 614.3897
150.5772 659.4856
288.9772 497.3240
42.4598 303.5562
40.3832 347.7519
26.2514 479.3693
2.7956 209.0282
245.6128 276.2817
341.4891 289.1734
515.8907 424.0282
405.1833 450.4012
235.8018 119.4184
269.4093 182.2758
321.6404 529.0591
366.2106 657.2626
785.1399 300.2604
41.8732 571.4305
625.0169 42.4294
207.9165 328.1468
856.0256 446.6099
618.0911 629.2186
16.9944 499.5185
636.2450 750.8776
924.6424 147.8131
64.5145 214.2485
46.9866 97.9284
391.6766 667.9186
124.2645 444.6348
529.2896 3.9774
625.5784 206.9293
856.9458 141.9561
948.4452 398.7578
930.8998 412.5307
378.0879 611.0823
528.3213 51.3327
267.7994 123.8887
65.5306 557.3156
619.0747 236.1209
170.8711 457.1363
669.4952 584.4414
407.6412 126.8743
242.7162 335.8398
716.9911 294.6052
725.2285 422.6568
213.8743 247.6680
778.2948 65.7346
873.4442 657.6295
291.6253 785.7667
389.8809 283.7409
750.2930 606.1264
866.2735 33.8554
403.2792 183.2632
675.7509 271.9446
683.1834 235.0665
959.2184 729.1464
23.2641 67.6855
377.2711 328.9533
279.7876 232.4806
575.7094 651.7775
505.2163 734.4411
772.0369 584.6241
368.3718 444.8723
500.9698 142.7637
982.2999 265.2410
972.4761 372.5462
831.7534 49.2241
688.2573 30.0328
686.8275 46.0187
852.9654 191.0537
916.4859 167.1497
765.0464 284.0508
828.5256 206.1737
315.0738 567.1024
394.7200 177.5031
141.4161 81.7405
94.5749 479.8842
526.2114 577.0014
787.3731 435.5023
606.4565 158.8951
593.3177 504.6989
197.9902 173.4258
404.9945 258.4161
225.7176 705.9062
854.8135 578.6887
956.2106 734.5043
611.8752 403.9092
758.3984 261.9529
389.3407 369.3705
500.6835 325.7580
552.5498 691.2127
891.8239 8.5376
184.8288 656.2791
997.2631 23.5186
106.7458 622.9064
112.0146 102.3256
597.1967 739.4612
244.3858 301.8329
472.2730 562.2709
263.8872 226.9193
979.0017 95.7608
724.7776 332.4087
3.0741 496.8465
213.7018 294.3239
792.0825 107.1410
57.9450 248.9823
70.9127 98.5389
525.9614 617.4939
286.8362 431.3835
225.8441 317.6017
477.3469 670.4522
586.5571 605.2170
407.2790 136.4806
722.9541 753.2801
606.5683 404.6821
73.5016 361.0335
335.1913 334.6152
92.2247 747.0223
695.4171 685.8218
293.9484 415.7442
407.2479 597.7163
829.5831 504.3824
778.0184 269.9934
492.3755 316.3972
435.3712 632.5855
46.3584 554.9491
116.5126 103.0292
780.3068 14.3751
42.1585 154.3509
990.2583 416.2053
203.1822 312.4718
884.5396 70.7038
871.2352 21.8156
153.9918 364.5030
320.3782 596.1290
99.9457 140.4065
218.6041 717.9949
355.7953 653.9181
509.0758 146.7231
572.0415 388.3089
847.4317 339.5788
561.3709 721.9343
621.1787 787.1359
831.3915 232.3207
963.1291 92.6629
304.0062 443.6246
793.8114 788.1175
780.2433 274.0874
237.4257 690.2669
912.7243 589.3265
528.6080 325.9658
211.9607 516.1085
614.5085 99.3097
102.4747 296.4503
691.1078 14.4433
822.2569 405.9196
993.1905 464.6749
64.8399 231.4797
574.0875 747.9693
714.6528 362.4864
255.2440 645.8599
402.8551 478.2803
572.7874 754.0728
420.7379 499.5871
808.0701 695.6640
656.7712 664.2257
641.7493 607.5957
746.0190 540.7269
761.0844 683.3617
89.6547 417.7699
145.1810 626.8246
579.2796 509.4216
568.7612 117.5455
565.3399 235.5260
772.2995 709.8707
569.4815 633.8388
856.8346 762.6308
890.5397 86.6839
839.1864 645.6619
223.0279 624.4225
776.2688 343.8997
563.9151 768.5024
54.7725 497.7743
22.9607 446.3268
155.0008 512.1916
457.1815 334.1629
891.6075 513.5488
173.9146 172.7255
561.6597 795.7535
228.1104 485.3849
325.7781 530.0347
907.8600 520.1517
898.5219 416.1668
657.2592 448.9226
17.4993 655.0184
284.7014 2.4578
344.6829 325.9777
663.5829 785.2784
902.2485 453.0143
434.1482 23.9519
804.5853 627.2608
406.2309 610.4842
544.5004 117.2898
660.9186 74.7979
550.6140 458.3306
344.7174 504.2823
923.4614 173.3057
561.7941 646.9937
98.2528 664.4913
882.2869 613.1928
807.2325 250.9557
336.8525 739.0608
120.1859 674.6463
777.2186 318.9364
148.9520 470.0890
773.1449 679.8108
271.9015 719.1951
854.6369 666.0240
164.2455 601.8663
0.9782 534.1731
513.8986 480.3140
907.3390 311.4290
998.4435 93.4272
979.6505 309.7499
202.0587 64.9713
193.3329 489.5119
823.5605 658.6598
25.4853 756.2748
375.1914 44.7890
648.2852 64.0835
629.8620 58.5302
737.7303 43.4588
407.7910 141.7514
629.5372 156.7196
582.4624 354.6509
411.1350 114.9185
729.9764 176.4086
279.8002 13.4543
495.2688 354.1560
281.5010 129.8498
714.3154 359.2201
139.7305 322.5754
863.0163 537.1147
596.3120 275.6404
555.4645 73.6556
872.4483 579.9905
826.0060 738.2631
923.0901 785.5860
565.4214 745.9881
66.7941 622.1919
22.7351 749.2596
674.6324 210.2393
970.2970 158.7514
453.8664 71.3495
132.6657 745.1093
357.8789 744.4888
202.6186 732.6555
401.3123 373.7542
927.1668 371.4040
204.9170 796.8887
907.6379 542.4262
78.5946 130.7063
379.8295 175.0969
421.8996 660.1339
979.5442 254.2048
467.7277 436.8902
976.4331 300.7849
190.3872 357.9915
891.4005 436.1510
307.0982 474.0440
725.9866 134.9549
578.8065 38.2285
864.1228 235.2132
43.0013 653.9691
431.1597 227.8085
52.9001 361.3909
682.0487 665.6003
398.3596 427.3455
927.6840 724.0342
740.9165 399.7266
513.3908 732.1364
75.1786 667.1663
639.0625 702.5452
894.2662 471.1945
827.3228 81.8704
193.3854 415.5396
973.6784 137.2957
546.1251 587.6384
491.3058 584.9828
606.4941 187.0916
426.0205 661.0670
874.7333 431.4879
876.6431 678.4609
177.2166 545.2254
318.4416 23.3256
228.9083 600.2170
959.7674 18.3349
785.6077 470.8893
719.1829 342.9514
680.7453 795.5742
453.5737 560.0892
402.6593 750.5555
235.9499 324.0678
779.8859 117.2353
792.4040 292.0690
2.2515 432.4965
84.3525 672.5445
180.4490 503.3399
327.8906 127.3737
992.1508 542.9977
659.5551 11.8657
335.0510 791.0987
937.0588 549.3980
404.9347 120.2724
72.8622 521.0414
937.0671 58.2026
570.6183 261.9140
397.9304 365.3806
594.1712 31.5479
590.6327 618.0567
268.5175 343.9689
608.9613 231.0433
546.7261 12.9330
158.3370 713.7412
37.7881 264.7053
33.9110 484.1332
729.6368 529.8509
542.2823 780.0075
598.2229 553.1251
507.3612 233.4941
129.9882 705.9929
337.7210 588.3398
512.2056 503.6128
647.2708 226.8527
451.8637 436.5539
457.8855 648.2075
912.9187 556.2243
441.4056 285.5503
179.0423 716.1568
401.6533 312.3969
195.9887 615.2858
656.7267 20.9743
615.5829 219.9200
780.2479 770.8189
63.4811 502.2552
973.3574 395.9186
532.1973 307.5795
149.9171 498.9130
915.3183 404.6444
718.5397 123.1323
834.0881 256.0930
576.8043 395.1257
749.7645 632.4224
532.1407 545.2502
0.6546 514.8396
682.3387 633.9242
368.6809 556.4013
883.0205 530.8561
867.7875 604.4537
390.1544 582.1509
331.8769 365.3084
38.3158 538.4090
167.9197 719.8134
175.9072 597.1782
852.4816 214.6580
182.5560 418.8679
460.6858 315.2536
140.3542 661.1747
611.3874 148.5511
246.6248 761.3119
683.5256 591.4884
846.7431 631.6281
830.3084 177.7577
940.6052 436.9457
901.5179 458.0756
103.1026 323.9208
260.7284 547.5754
915.9971 149.2814
761.4982 577.9367
932.1611 142.3189
945.0244 311.2612
968.6280 137.4858
946.0647 177.3217
694.5977 274.6600
607.9376 549.1500
102.2207 688.3602
939.5794 84.9685
710.6153 295.3851
25.6593 516.6567
518.9350 765.0072
949.5771 446.9479
15.6324 256.3531
487.7684 544.0825
824.8620 179.3654
194.1595 502.5022
119.9778 540.3414
512.3102 461.5717
926.3186 90.5575
481.2173 387.3993
46.8898 417.2341
704.6861 465.5816
269.1338 30.1524
838.5628 168.1487
307.5805 260.1968
453.6767 261.4143
327.7661 85.7778
728.9325 292.8881
886.0989 654.0311
475.8556 676.7003
524.5248 190.5191
426.2501 681.2475
45.7922 767.8402
265.7544 677.2841
697.1259 514.6496
109.1047 760.3094
792.4543 28.1538
353.8595 365.3064
615.7188 758.3801
122.0137 473.3878
472.8877 48.1139
732.5018 105.3075
478.0138 217.3456
129.7759 675.7618
526.7831 685.1627
348.3163 130.2316
136.8498 264.7146
809.0979 647.5134
428.1518 46.6953
324.4552 618.3404
506.4394 633.8365
449.7797 353.7612
298.6502 134.0719
492.7119 270.3124
337.2853 592.6415
669.3148 433.0796
339.5362 470.6570
964.5354 637.2820
317.3273 570.1409
613.6478 142.2201
128.8968 766.4041
910.4868 774.1075
812.4179 342.4858
332.2948 108.9002
851.0131 705.9920
42.8749 641.2972
372.5036 183.6587
647.3401 185.6717
958.4613 104.9023
877.3717 706.4673
827.0762 639.4497
868.4851 55.3941
5.5697 271.9438
33.7893 163.2730
633.0051 444.4368
182.1490 80.2955
303.2624 680.8977
524.7919 306.4540
586.4335 796.0803
490.6294 399.6676
850.3420 792.3704
222.0855 359.2035
637.3218 352.8511
949.4575 514.5165
149.7047 5.0923
366.2941 412.2512
738.7485 134.1672
368.8343 167.3207
958.6916 420.6621
805.3848 138.2991
543.3647 653.0848
737.0462 152.3390
62.9156 160.1449
143.2126 672.9336
7.0843 243.8956
92.6041 301.7251
8.1149 71.8808
244.7485 209.9123
160.1508 574.0357
463.1861 19.3803
165.0591 377.3286
518.6813 69.6735
456.0275 629.5384
899.8516 384.0637
320.8489 597.4613
363.1874 502.1876
483.8334 303.1277
862.7377 753.7102
325.4342 494.8892
510.9282 620.4144
669.7842 362.8586
899.6515 443.0398
729.5563 313.9965
549.3741 145.3220
439.5365 96.7438
468.7725 50.6575
687.4828 158.6570
787.2117 582.6428
925.7950 524.3169
966.6202 765.3528
926.0871 260.6581
172.5439 461.3185
566.8746 491.8474
740.9946 705.2470
955.3420 586.2441
799.4030 525.7977
585.1767 512.2860
236.2721 440.5271
236.4547 133.2511
653.3197 561.9762
244.5212 462.0841
894.5217 162.5492
555.9441 246.4491
417.8754 391.2826
644.6065 589.6919
882.5063 175.0928
808.2418 231.8742
941.8983 456.8350
261.0379 203.1170
810.7635 619.9448
611.2128 580.0238
180.4605 357.4614
824.8690 688.4914
438.7960 149.4358
174.3306 55.9060
55.4375 197.1915
901.0726 374.8088
527.0001 398.1607
112.5131 392.2620
895.3827 261.5014
579.5786 446.6498
914.9808 194.4218
149.2396 649.8566
752.7490 78.8451
793.2336 317.7053
790.5857 690.3825
547.9795 138.6131
883.3715 212.2493
554.2100 485.2640
939.7269 707.8603
518.6240 404.7323
568.9213 279.4503
210.5857 591.9849
704.9529 297.7543
514.3346 147.7250
637.4271 315.4766
60.8810 670.2836
750.6068 798.0365
768.5687 161.5962
278.1302 241.6828
922.5447 516.3255
814.6727 684.1485
573.8523 87.5847
66.4084 668.1473
163.0047 168.0411
727.9578 718.8318
867.5925 18.2725
149.2154 461.7508
779.2205 583.8135
586.8795 278.5980
24.0299 242.2325
477.9687 523.0038
734.9221 154.2810
612.0802 157.0661
4.9125 332.4675
470.0966 168.3337
593.4850 74.3434
967.4146 116.1472
48.4165 120.7454
151.7874 165.7965
118.0792 549.4288
700.4020 368.2758
466.5528 528.1462
53.5035 484.6699
746.0211 71.3893
112.7096 322.1570
129.5025 144.5656
120.9568 577.3365
446.4910 578.3995
661.7177 740.4245
759.9520 745.9219
197.9513 498.3792
729.6809 29.6184
571.8838 345.1588
337.3132 428.9188
660.3372 364.2746
876.8725 649.0074
776.6488 82.9037
764.3601 225.6360
100.4587 227.5603
789.8370 546.4334
625.3484 112.4890
337.1556 6.9937
664.9235 785.5871
150.1281 229.3704
128.8074 671.9931
591.4012 560.5006
366.7272 774.1411
721.5742 671.7168
66.0176 593.6896
655.1564 644.2897
214.6182 533.5604
596.2027 102.5627
694.5606 397.2464
17.0885 77.7344
968.8855 94.9203
275.4619 339.0897
359.0161 261.3112
366.6906 245.5561
924.0200 169.6101
27.0422 753.2101
888.1023 622.8168
25.6455 792.0800
930.1852 337.9678
361.8226 129.5631
230.8068 395.8857
60.3090 479.2534
61.5186 575.0728
963.9940 344.9775
861.9643 17.9043
228.2012 101.1862
281.3988 520.0754
901.1200 273.9123
261.0619 691.2441
827.7676 547.5590
642.0410 177.4695
710.3317 228.3646
249.6974 99.7557
616.1372 726.3844
405.5400 397.1096
914.2066 511.8709
368.5661 714.4340
308.2593 51.9059
442.8123 541.6548
998.0395 297.5758
425.1701 137.9860
246.0975 383.6572
106.4250 669.4162
251.0996 347.3479
110.5602 443.9531
769.1569 637.8072
514.1830 30.9843
26.6454 729.1743
792.5299 443.0747
100.3772 318.9107
763.4442 71.9846
161.8744 413.0239
544.3726 413.4815
812.3362 536.1556
447.7612 118.5057
30.4821 575.8341
974.2012 563.4430
463.4553 156.3886
42.4506 362.3705
246.5030 369.5569
229.1890 63.7661
47.7984 696.1833
361.1211 424.5553
275.5478 240.1893
801.0266 139.9845
704.0647 19.8321
565.1312 145.3807
531.6917 422.4979
355.3335 340.7267
429.4849 203.0085
29.6840 96.3971
5.4667 159.1718
671.0508 697.7345
200.3656 322.0639
822.5854 735.5650
439.4762 203.3769
437.4749 314.8993
823.1931 63.1467
585.1472 419.6927
830.6930 559.5818
475.0034 25.6677
979.8228 322.3875
425.5635 248.4810
330.3317 471.4514
755.0960 636.0827
50.5776 470.8114
666.5365 99.4587
252.3166 15.7183
655.1032 468.4517
543.8780 753.1813
67.9447 571.9222
757.2872 686.3363
631.0746 215.6450
3.0269 199.4324
997.4850 52.6231
784.4577 33.8375
610.5584 401.4688
807.8319 238.1031
830.1310 657.3693
929.2610 316.0002
606.1091 791.7583
638.8816 518.4215
198.6638 472.2537
685.1557 650.9322
382.2212 445.2336
292.6160 328.7098
382.0040 79.6614
216.2836 229.3240
49.1042 383.9135
266.1741 186.6391
174.1954 257.8556
183.0153 589.5744
967.0409 535.7852
595.1213 466.2912
911.9696 796.5365
446.0680 11.7284
711.4869 728.8567
165.1427 344.6296
988.0451 528.2578
26.3070 373.8148
515.5712 655.8510
540.5503 137.2225
89.0228 43.9380
158.3585 532.2864
27.4294 642.5996
627.7701 76.0624
930.8888 749.2102
943.7142 639.3487
235.2107 547.4769
750.9257 457.2500
595.4739 707.9608
780.0394 358.8642
146.6059 89.5654
976.0113 770.0154
730.9567 430.0015
625.9607 771.6658
927.8034 406.5740
815.3189 681.1205
970.5082 742.4606
894.1636 243.2913
138.2406 606.2661
451.2913 704.1419
356.0509 410.5163
927.1023 456.8701
440.3536 405.4784
437.6678 9.2272
172.5750 649.4962
259.5007 37.4579
474.3076 378.6202
93.6971 674.0741
842.1188 304.1999
85.1280 476.5443
91.5037 518.3616
84.0325 126.2648
890.9899 539.4724
590.4299 633.1706
599.9017 338.7796
903.8116 120.3496
726.2054 313.6836
943.2702 536.2209
847.9324 531.6667
50.0254 34.5078
354.6412 570.7056
258.6514 632.3767
790.1166 338.8182
354.6100 35.2170
899.5870 513.8614
177.0293 227.2940
893.7628 552.7444
558.1876 266.6455
377.3868 85.6071
931.0102 464.8270
858.9933 526.9049
641.1769 145.3802
639.9986 707.8140
926.2271 561.6088
283.0400 487.8598
383.7307 198.9239
264.8314 489.4431
25.6210 362.4478
312.3937 51.8079
11.6152 448.6665
102.2097 113.8718
981.2263 284.4571
760.0492 660.4158
406.6310 434.0957
125.0577 402.0263
573.8703 631.4753
222.0026 427.6977
532.7034 401.4470
614.0802 704.2674
137.4594 206.8253
479.5236 792.4762
752.8953 356.1395
575.7502 339.9315
623.2391 50.7280
299.8997 171.5614
829.6963 469.1984
756.6886 579.8167
357.7471 604.3928
599.6901 651.8907
998.5790 698.5062
714.7348 86.3684
213.3438 575.7716
894.4425 273.3832
981.0126 35.0327
254.5125 445.0350
94.3956 265.9606
830.0588 17.5447
165.5734 725.1433
278.4167 241.6705
144.6446 99.6555
97.3614 254.3069
31.5658 154.5989
289.1522 22.6040
567.2193 321.6518
63.1796 604.4844
484.2396 729.2433
747.5218 617.9199
126.7773 206.9535
538.2401 602.4065
630.4869 437.3635
956.4261 583.5886
866.2988 369.3800
551.1530 77.5185
79.6195 216.6961
516.9716 796.2211
787.2769 671.7877
622.5475 735.2934
626.5901 757.7479
545.9150 493.1745
538.4038 643.8131
248.9758 780.2047
395.8276 494.8361
440.3466 744.2478
381.1624 249.8802
892.5232 72.2367
340.2850 208.9751
313.5557 527.9253
110.6460 490.9577
722.3816 543.6184
58.5881 549.9621
477.7567 289.0529
696.9909 305.1919
694.7667 281.0088
70.3837 62.8851
682.7661 49.4937
832.5240 430.2540
771.2924 646.0031
207.1415 251.5104
410.7896 567.4853
125.7630 411.7342
259.9053 297.9107
55.8114 388.4065
49.1517 475.2939
651.3274 240.9062
135.8867 424.2823
580.3639 143.1420
293.3174 301.0684
375.0447 692.1471
785.5171 592.4481
556.7524 347.9264
497.5034 40.0019
789.1779 209.7046
14.3551 632.4024
310.7421 338.8725
364.1875 605.0130
339.9167 713.9709
571.2101 626.0135
308.5214 255.1458
220.7327 625.0076
805.2646 23.1131
130.8558 685.6299
369.5297 639.1440
875.8856 626.6233
854.2882 147.4603
418.7340 560.4787
54.1924 317.1923
334.0021 486.5921
228.9021 42.9593
694.7926 540.2140
160.2641 149.3904
174.9079 235.2899
963.2790 638.5535
428.1820 705.0834
693.9496 379.1587
401.2361 611.0471
613.2731 312.1148
103.6563 141.5020
709.1410 79.9318
372.5093 777.9298
503.3605 765.2362
533.4089 413.6556
388.2449 47.9749
760.4929 783.5431
15.0140 379.6683
516.2704 316.8648
710.9671 793.3096
127.8522 699.6950
172.8892 476.4195
941.7686 355.2707
785.5935 10.8960
801.9140 356.8923
994.2160 326.8389
263.1222 131.2880
811.9890 60.9118
730.4469 735.6174
53.4712 423.0095
228.8076 607.7777
478.7218 182.3808
345.7192 470.9938
385.8694 602.0472
48.0937 443.2861
973.7029 508.4464
368.4958 211.7817
514.0561 247.8104
123.4059 445.9937
751.1785 402.7702
878.6500 289.6233
752.4215 760.0189
47.1491 540.6565
429.2373 244.4025
367.4272 521.7656
338.5392 116.5136
196.8093 704.0436
111.4037 755.5715
154.1638 570.3402
447.4494 615.8007
614.7766 589.1832
977.1505 545.7377
620.7900 652.4791
84.8668 350.7107
773.5537 611.3258
242.8962 234.7759
641.5157 593.8092
489.2852 24.5641
867.6098 444.0711
379.5070 135.7728
72.7760 379.7862
714.2168 524.0438
60.7782 677.4359
606.7405 309.6199
246.9380 33.3620
328.9513 508.2733
33.2001 487.1046
792.8262 183.6355
719.1866 402.4331
144.8263 499.3032
229.4373 678.2164
881.0966 9.4522
857.8385 690.5782
787.8393 592.2450
514.7022 572.1243
396.3390 379.3365
286.6057 724.0024
842.5602 276.2723
172.2500 203.2821
916.7898 764.4092
261.6528 341.9980
825.8518 168.2128
535.0802 289.3054
65.9574 482.2139
217.4427 563.6614
552.4711 12.4557
686.2404 604.5214
800.4531 535.6145
240.9236 476.6051
147.0836 365.1947
502.3392 528.8564
874.1335 588.2729
803.9051 454.3188
425.5850 469.0607
514.4925 124.0028
886.7248 552.4799
60.9209 794.5661
314.5021 463.0201
132.8449 383.4730
274.2409 359.5313
137.5303 301.4737
36.4292 71.6334
728.8994 478.5739
747.6990 305.0708
252.6332 214.2397
904.5586 665.3132
648.6975 473.9143
162.7340 188.3727
568.0132 82.5627
975.7859 788.2644
659.5310 399.9753
391.8972 653.5291
943.7015 453.2650
983.4054 413.6649
514.6839 39.5009
578.0741 739.2984
167.7832 96.9013
816.2143 11.9223
230.0194 711.1709
16.2774 553.3320
385.9398 347.1764
114.6143 728.0326
507.9232 505.1033
671.4730 446.4867
802.0382 384.6772
386.2338 8.9633
83.6114 236.3774
372.6713 637.4877
288.7639 733.8153
235.2318 442.4260
928.5562 519.9005
641.1533 68.0419
510.3348 37.8917
482.5878 336.9121
751.0751 684.9716
641.5145 155.9899
309.3300 693.0837
588.7016 665.6460
790.1055 27.8954
198.5557 618.4757
16.9017 668.2409
404.2777 145.9035
370.0583 652.4643
943.4584 761.9975
588.3263 350.0279
74.5329 15.6361
689.0316 348.7293
972.4441 534.7536
422.0818 73.6220
13.0419 517.8439
916.1399 239.2727
86.5417 72.2370
840.7235 794.4940
224.7955 225.7540
807.7629 433.3231
100.5716 491.2948
922.3948 473.1850
772.4259 375.5470
522.7927 12.0355
773.0056 608.1670
429.8965 438.5878
294.2011 112.6614
534.2958 453.9744
621.8301 127.4445
606.9332 627.9293
527.9545 431.9485
558.0301 416.0312
635.2791 94.6506
529.1386 545.7026
640.8387 625.2714
72.6478 24.5079
802.8508 343.0035
363.0213 675.1144
569.3497 717.4337
23.3736 475.7613
126.5042 754.6144
132.7010 704.9436
764.0005 286.8054
849.2701 504.8478
577.3122 664.8296
186.7720 11.7540
977.7779 442.6368
5.8444 754.8865
897.3223 294.8350
139.2002 58.2717
460.9855 268.4915
314.3546 765.8695
460.5706 365.5345
706.0663 536.7714
137.9697 237.4383
602.1232 627.2467
96.5720 538.3794
834.7857 441.1407
280.3309 486.8413
592.2206 751.9723
435.7425 141.6209
140.9133 754.4201
334.2674 470.1079
449.2791 648.9302
881.6414 730.7304
264.3338 585.1290
266.4010 105.5123
823.3075 277.2892
293.6485 388.8853
835.0083 255.1684
779.5023 101.1352
844.9218 113.2288
844.5641 293.7351
830.5045 568.2453
18.0618 587.4539
63.3693 319.4388
925.3408 718.7811
410.0087 760.5113
459.3582 169.0177
136.0124 678.0947
470.0027 142.1003
162.9550 447.9920
328.0984 576.8956
787.5475 4.0455
88.9594 416.1365
945.3199 653.4617
182.7682 551.0778
717.0768 192.2964
136.2497 335.7482
389.4861 747.1683
924.1960 635.8730
373.1416 385.1763
58.9175 281.1458
562.4583 558.4120
948.7914 73.1735
574.3609 779.7797
610.4184 675.0724
885.9086 87.3658
816.2816 68.9389
185.9298 64.6967
880.1119 595.0945
227.4128 653.5524
793.9451 42.5921
569.5119 159.6877
32.8280 56.7041
430.1880 251.1281
14.7058 765.5849
256.4257 560.5288
987.9743 69.2990
504.1800 628.1661
561.7744 261.7830
293.0356 648.5825
140.8492 453.9896
468.3252 474.4785
573.0843 692.1636
412.1250 105.2040
257.0908 765.2399
765.9911 330.7357
732.7025 767.4689
793.0315 411.7363
141.2507 379.3079
804.7735 648.7494
82.6425 721.3572
725.3529 56.5786
257.8169 36.3231
351.7950 449.1843
610.7739 177.4232
183.1759 374.6177
296.7699 776.6562
783.6716 582.6976
437.8504 419.2143
881.3089 193.5653
871.3571 121.1071
529.9397 324.5053
273.0085 436.5360
38.9178 343.4135
193.7561 438.3630
989.7264 797.1647
890.9958 744.7592
503.3798 437.7300
967.6730 254.3356
227.8515 736.9099
797.7936 504.4976
849.8097 324.7138
137.8997 37.9463
333.9925 356.4129
444.3335 221.3602
50.1210 288.0849
619.8746 281.9514
364.2221 317.6527
205.9900 146.2178
824.6519 475.2533
540.8422 266.6452
765.6598 85.7121
493.3845 559.8697
730.6199 532.8659
600.0884 711.5866
99.7299 66.6677
100.1171 623.1273
941.4038 75.8038
986.2802 15.2773
328.5340 235.9456
942.4295 545.5817
53.9834 562.1578
168.1901 19.0344
717.0868 296.7592
233.8078 654.0581
932.1675 558.9061
83.1578 141.7012
0.6500 66.1544
135.2332 350.1899
313.7470 635.1090
565.8903 697.5384
59.5210 126.3269
417.6808 649.9648
918.9729 63.1519
110.9938 171.6790
719.4743 146.4742
878.5078 773.2899
654.6764 549.1149
259.6297 506.9732
617.6352 25.5925
282.5195 764.6893
492.3127 611.9880
704.1845 675.6198
463.6956 440.5956
930.7503 566.6376
589.8872 292.9260
28.0503 184.4797
750.9961 52.6103
9.7227 314.1363
957.3926 497.6326
969.8347 618.2891
12.2048 552.0235
578.9782 2.4034
348.2098 750.1501
878.2869 342.7266
506.4823 558.9838
760.3171 51.5276
542.7611 501.4888
909.8573 764.3294
990.4857 269.4486
615.3736 713.5255
959.8444 287.3393
759.9652 194.9048
373.7998 453.6658
146.5079 289.0768
70.6617 47.4599
963.7541 455.5156
577.6090 515.3003
397.7835 342.7785
914.0072 659.3982
58.7898 437.3883
717.1288 382.0005
44.0888 556.3615
241.6359 383.1856
267.0559 544.1745
716.6564 765.1333
662.2124 456.2208
288.9760 464.8425
963.1802 299.9749
225.0283 2.2233
490.7765 301.5816
848.0662 125.7404
328.0917 174.3730
632.8831 662.7538
72.8785 170.0133
379.4829 204.0831
898.8439 146.9159
105.7679 429.7911
183.7703 48.9186
186.7702 757.6200
702.4565 119.5613
789.2768 246.1722
856.0115 55.7952
737.2288 25.5586
39.8338 716.0242
421.7548 541.4135
356.1695 4.4949
764.3054 432.8111
913.5245 408.3494
242.9757 121.1734
902.8529 70.7090
392.5821 175.9552
136.0811 742.0147
281.5899 542.6706
957.6878 738.8237
456.5385 603.3897
996.0225 445.1868
982.0216 360.9181
857.2099 688.5630
87.7268 474.7353
593.5967 338.7982
167.4871 37.1410
953.2513 192.2155
671.0365 705.8443
797.3395 707.7954
141.4653 296.0352
520.6608 62.1901
461.9437 370.6938
24.6641 476.6702
1.0974 355.9341
90.8341 275.4018
162.1026 570.9554
550.7308 144.7460
431.4491 765.9482
98.9747 636.2094
725.5572 136.7334
352.5716 728.3086
785.6763 417.8032
909.8608 578.2315
686.3955 452.4347
433.7348 618.2420
503.1329 169.1488
371.4284 440.1905
81.5530 470.8330
312.9474 599.6997
690.2674 376.3561
703.9777 75.3571
556.0130 35.5657
50.3439 793.9322
339.6694 189.0665
534.9780 646.6367
603.8739 172.7578
547.4889 300.3502
942.6048 406.8163
581.8845 719.3717
803.7058 220.8888
961.4449 248.7934
53.4204 76.7796
513.9136 134.4971
753.9928 130.0109
53.9743 440.9599
615.0419 429.3237
625.2721 670.9461
228.6385 529.9883
155.4871 201.5696
277.4243 389.8198
278.7611 169.1380
131.6791 599.4449
524.9006 87.7650
421.4602 762.7891
359.9015 481.9548
196.2831 8.1663
126.5330 501.8422
13.0458 28.8925
207.8576 40.5661
937.1046 556.7028
219.0175 104.9604
716.9395 398.4216
850.4865 101.7537
875.8105 194.9594
717.8523 33.1431
776.8461 104.5142
93.5371 268.3721
47.0348 202.7725
197.0415 545.7455
824.8785 275.5475
793.0472 184.6473
828.1768 365.5344
355.8589 722.4747
95.9538 429.8153
132.0192 56.8301
22.9178 129.5193
598.2150 332.5685
883.4604 548.6302
742.2964 375.7412
378.1201 486.4948
860.6006 127.2971
749.0742 424.7087
119.3316 628.1266
263.6706 673.7175
741.8741 656.9424
66.8808 309.6795
162.2024 453.9913
801.4584 162.4192
118.5154 389.4783
501.0872 293.5140
557.1800 294.8595
841.2386 673.1477
907.4112 368.4037
753.1429 712.7398
383.1647 560.3410
929.8616 67.2901
512.1450 314.9731
361.6705 242.5574
286.9397 610.4537
254.7357 524.8217
440.9753 345.1881
979.6966 547.8862
604.6592 150.8516
224.7197 333.4658
8.5361 517.7786
376.9288 362.8923
129.4758 135.1546
134.6896 705.6514
117.4711 236.4142
146.8581 173.1537
410.9357 109.9563
828.7486 274.8181
654.5460 556.3411
266.5551 121.0445
679.1778 680.1203
636.2322 763.9678
533.8009 394.3938
986.3287 760.2968
617.6993 591.9242
930.3052 118.0151
240.1021 248.9079
820.6606 67.7083
600.7851 546.1586
263.6697 160.8106
338.8355 191.5376
133.9779 772.5550
989.3239 757.7878
974.1083 149.3272
365.6333 46.0826
531.6288 179.9303
260.7420 161.8455
815.2365 647.1334
240.8856 62.9485
834.4538 678.6716
529.0020 324.5342
373.8621 575.0144
369.7949 373.5236
727.7642 732.9101
563.7155 214.8504
330.8252 362.8251
586.8265 715.9316
797.4876 214.6009
772.0887 721.1902
635.7278 757.5916
360.4926 191.9433
370.7188 377.7505
857.2463 314.4220
931.1933 475.7178
502.7898 769.8201
63.5821 166.8974
280.3572 63.2629
343.2575 295.9513
535.4864 726.6070
572.6865 740.2344
936.8465 733.6520
306.3495 70.0307
341.6905 608.3343
595.9445 258.4772
939.9514 460.5733
397.0749 675.3916
181.7239 682.7588
239.5291 362.5603
980.8374 109.3671
367.9427 573.9236
987.2991 212.5561
384.8060 746.5001
285.9152 798.1570
953.6569 520.5321
583.5212 198.2499
897.2606 752.7669
816.5780 240.7979
316.7349 247.1570
718.3943 44.6692
566.5712 176.0086
770.3199 180.8044
961.0506 544.5357
18.0720 427.3263
686.2584 97.5855
940.1467 657.5613
919.7525 113.6710
120.2473 294.6883
548.9828 73.9025
932.5320 224.6811
156.4184 290.1985
969.4610 223.4881
896.2612 346.3565
905.8436 638.0084
259.7616 675.3132
650.4868 542.9701
48.6094 397.7761
642.8158 130.8805
648.1047 652.6943
25.3151 423.2294
796.6326 700.2497
820.3558 178.0515
444.7096 362.3731
577.3047 320.2440
323.9138 150.6402
468.0306 89.1801
911.0267 516.5644
46.6413 610.5537
700.2660 652.2329
813.6714 745.9432
62.8818 742.0573
367.4876 519.2617
658.2853 36.5042
25.3172 121.5865
856.3349 142.5451
128.0236 247.3510
319.7886 530.0545
945.3630 95.9321
26.4698 240.8991
967.6596 553.8398
123.4179 734.7784
763.0638 423.2693
627.5465 69.4757
993.4546 726.7465
198.4595 158.4925
622.4344 280.8515
154.1747 620.4524
176.0103 576.6767
600.9330 149.1896
726.2543 684.7562
784.0930 275.1755
719.1365 773.0882
352.2489 714.6011
659.2739 170.5669
234.6313 135.1808
639.9366 616.6863
442.6939 559.4484
190.1041 417.7700
607.9237 1.1393
363.5906 378.9451
693.4927 715.5216
831.5967 625.4870
225.5018 181.3097
426.8215 405.8207
971.9929 375.6339
91.6380 39.1639
976.1232 36.4493
187.4376 485.7074
787.9122 96.6345
505.6664 126.7159
853.5401 304.9064
98.6703 393.1138
155.9709 79.8213
644.8062 761.7202
980.4841 177.8091
962.7458 542.2167
632.1200 146.3080
89.6406 687.2241
666.2206 673.4516
434.7418 565.9612
262.1384 687.6234
779.3507 382.7811
324.3118 603.0013
131.0241 167.8562
969.8646 173.3528
690.8517 122.2130
952.2840 735.7141
508.3583 507.7923
754.3813 233.6295
997.1383 276.8849
990.3895 686.4515
566.0735 573.8839
665.0041 548.2625
860.2324 142.9106
958.3543 324.0219
377.0269 656.8423
617.9324 794.4465
211.0635 524.8718
900.2182 193.7945
897.0888 632.2846
478.7885 638.9904
66.6691 518.2034
531.5726 217.2448
683.6742 393.4210
104.5414 189.0518
485.5668 252.2042
856.7719 759.8223
772.1702 522.5609
323.9589 10.8416
659.9913 175.8012
385.3668 321.0341
57.3319 627.6361
663.9702 183.3909
828.1719 378.8213
365.3750 50.6060
730.4976 632.6033
45.0329 254.7364
568.6770 639.4257
936.7835 527.7506
368.2874 342.4953
720.3799 57.6167
566.2264 734.6496
342.2209 342.6122
16.9070 746.6762
91.3240 576.7172
592.4251 169.2160
321.0406 437.6974
357.7527 147.8902
477.1604 0.4224
137.0879 202.8968
434.5968 126.6366
14.9089 498.1995
652.0290 76.8752
728.9641 71.8443
307.4810 752.6406
571.5736 601.5182
429.9965 757.3079
403.5337 425.5842
647.2663 324.7868
566.3947 418.5759
215.6194 131.9789
490.5495 387.0982
79.9029 481.5537
770.4912 105.4813
652.0343 539.9601
28.3184 767.3151
695.4529 771.0678
534.7652 380.1235
544.6966 281.9335
840.6601 748.7755
940.7046 547.9502
900.1092 558.6269
308.7674 92.2305
91.6955 615.9707
328.8157 150.7009
953.8129 537.6908
785.6377 509.5474
181.6890 99.7514
45.6807 96.8411
69.2531 673.7319
774.5957 389.0320
378.1359 794.5499
563.0404 364.8758
921.6608 383.9504
710.9664 0.9525
420.8649 449.0099
395.6432 247.3495
665.3813 348.2067
400.9137 457.9167
593.0859 738.6858
884.8135 71.2215
816.2157 308.5255
347.5587 552.5010
33.7747 686.3208
33.0262 325.3648
353.0033 559.2253
470.2598 30.1080
739.1148 780.0412
565.0463 493.1670
962.8861 353.1035
109.9100 507.9918
650.0739 109.8825
695.9454 178.1921
205.8887 555.7772
593.5645 575.2127
179.2463 279.8117
161.5120 128.8818
413.5255 165.0961
299.7097 789.9585
853.3254 491.2652
916.1651 496.6119
559.5911 455.9334
335.3992 314.7767
922.6032 331.1580
434.6245 238.8297
330.4076 209.3802
901.1266 738.6766
745.3290 245.9132
257.3979 58.3951
896.6879 489.5894
395.5219 742.4024
589.0883 602.3852
242.4581 564.5498
857.7248 220.6304
450.8904 181.1320
880.9175 701.6587
263.7944 420.6596
676.0216 525.9061
561.3572 116.8833
47.7442 262.5504
420.1282 484.3510
477.0280 748.1434
988.3272 535.2063
533.1786 616.4296
522.3850 686.5069
269.6087 199.3418
103.6113 6.3809
894.2162 456.8056
129.0888 553.0176
115.1435 382.9898
43.3517 261.4588
899.2378 414.8577
192.7164 504.2378
784.3690 296.4352
472.6176 468.4841
859.1435 100.5288
244.4339 34.3286
278.1377 346.2698
304.3867 743.1203
148.3817 488.7507
566.5735 658.3684
141.4351 589.8374
355.7715 109.0883
114.7987 587.0711
461.4709 686.7773
864.3191 423.0120
594.9056 152.2517
582.3503 502.4036
839.5829 771.0739
555.3772 344.1953
806.1644 738.1583
609.4839 755.5055
261.0915 288.3970
298.3446 207.4999
327.2561 310.3090
84.6421 178.2578
542.0398 296.7893
885.0180 237.2987
183.5672 663.0509
157.5713 536.5988
135.7319 686.3802
194.9028 366.0154
183.1116 325.2620
656.0233 14.9733
231.9907 360.6098
579.4456 403.5478
693.1464 640.7970
396.2451 657.2435
831.1951 26.1356
791.4697 790.8613
651.1251 568.6045
897.1864 455.2647
280.5798 602.6106
959.2633 122.3925
804.7177 71.7365
662.6642 389.8364
889.2686 51.5290
263.4960 794.8376
302.0981 673.1779
58.4454 182.7047
793.9392 667.7721
947.2492 130.6956
815.0667 487.6016
280.3309 312.6748
181.1740 601.2852
729.8327 603.1134
758.7760 159.1763
133.4766 795.2130
623.6085 187.0185
136.2922 107.5536
401.2727 793.2052
215.5262 702.2518
229.7218 175.5677
253.6389 374.7568
67.7208 553.8064
670.3275 342.2210
456.2942 746.2517
10.7062 684.7222
141.9945 382.7105
609.9612 600.7230
315.1887 718.9160
56.6655 222.3952
370.1951 44.8400
941.5621 138.4332
230.8303 465.3770
769.5825 652.8518
170.6273 23.2347
270.8532 734.3198
792.4038 37.3334
540.1838 366.7621
946.5480 639.6439
809.4994 637.7306
917.2713 13.1084
454.2189 130.4354
163.4066 637.6549
292.6741 704.8640
58.4897 651.4594
722.2123 733.0335
258.9435 706.4783
462.5699 620.9503
101.5903 733.8754
642.1931 552.7871
321.1149 208.3601
105.8708 629.3278
600.7202 689.8124
925.6593 40.0372
359.7608 433.2992
536.8229 736.3986
154.0862 542.1106
628.9223 271.5827
872.2098 51.2712
155.5518 479.0378
802.6645 467.9466
688.0926 308.2219
758.2495 225.3979
254.7225 405.7066
739.4976 757.7235
485.4678 501.7608
451.3695 615.5368
76.3091 149.0455
129.9907 68.7621
47.1463 424.7327
966.0103 33.5709
696.8891 786.0162
552.7989 645.8739
742.7473 39.9973
916.3308 780.7984
73.9339 684.0462
862.9539 387.7850
693.5860 638.3502
932.5324 478.6114
352.5218 470.2056
619.4264 201.4553
354.9596 478.5421
735.2187 717.9199
109.3920 81.6189
175.5029 724.2528
945.3464 598.7506
249.7733 446.0450
181.7879 17.1712
857.1550 119.7228
112.9869 140.9181
679.1272 548.0794
260.6731 703.2561
382.5001 766.4912
908.7716 592.0303
1.5077 431.6628
195.5020 780.9296
294.4276 354.2549
904.8436 14.8173
502.2034 414.8519
508.5746 464.0885
330.5936 216.7697
20.8096 132.9681
860.1814 491.0797
377.5232 405.9895
349.3609 489.6619
874.9560 151.5732
681.8710 397.4682
623.9140 723.0190
397.2610 507.7287
209.2031 758.1029
597.7327 253.2259
233.1715 147.9892
921.2819 379.3322
794.7904 128.0144
358.6927 122.8888
418.3609 708.6578
349.2897 66.9720
809.5212 107.0570
654.1198 458.1637
927.4464 120.7275
285.8375 57.0687
924.0606 764.0402
768.6049 174.6930
151.6348 254.1969
757.4508 560.9051
402.2232 348.7133
463.2724 576.1612
154.1693 326.8844
826.6681 578.1759
664.0803 763.1643
42.7454 301.5866
335.2245 207.3672
514.3721 517.0457
551.2248 77.6768
204.7627 85.5753
654.7013 608.2265
40.4475 218.0891
534.4327 680.7932
704.3725 125.6271
818.9220 66.9664
850.5037 75.4890
828.8357 625.6888
372.1132 236.8580
662.7463 706.7486
711.2288 430.6611
869.7302 434.7519
535.7855 793.1472
297.9543 6.7489
763.5759 87.7882
326.7166 445.0176
58.4876 247.4431
305.5947 106.8522
836.8202 0.7680
794.6125 142.1291
928.0686 732.4530
497.8280 510.6248
480.4415 665.5266
520.7810 620.7507
959.7627 510.2447
281.7690 696.1730
748.9343 620.0566
118.7520 348.2755
129.3012 236.9554
180.2926 488.4120
714.8590 348.8950
144.8306 60.0830
183.0217 244.5106
63.9638 227.4577
611.7342 425.5180
795.8377 90.2143
732.7389 750.1287
917.0366 454.6816
861.8723 692.6729
90.0476 690.1607
446.5135 660.3059
406.2513 487.5283
976.7642 222.1481
690.6547 77.2281
160.8836 558.6472
110.8937 439.6422
57.0131 700.1467
422.2483 16.7494
688.1889 134.4732
2.1309 4.3061
936.2462 598.3966
539.2414 154.7134
396.0297 698.3745
3.8488 505.4466
326.6375 143.5683
244.2718 423.5681
234.9433 567.8275
935.3176 442.5206
161.8388 334.3439
810.3167 136.7329
778.3534 613.8451
62.4478 360.8815
533.9819 345.7564
822.6350 605.0292
933.5624 686.2357
177.3104 444.6480
889.5354 705.6113
501.6017 714.3655
673.1749 706.2112
203.8466 651.6459
407.5090 597.5871
505.6582 507.9998
883.2728 770.7801
913.0510 600.0340
767.9636 141.6265
454.8758 198.2657
552.1500 772.1058
108.6602 778.5180
189.8719 531.0592
791.1019 160.9001
225.6088 487.0190
99.1494 432.4514
508.1018 776.6532
349.3276 149.4680
737.1731 582.6583
63.3007 381.4966
708.2471 611.4031
940.9745 15.8279
952.6676 385.8228
385.6427 520.5141
422.4919 503.3197
370.2341 465.6009
6.2739 719.0832
538.2263 80.3609
654.1892 213.1208
770.3245 496.9359
467.0889 355.6757
409.7516 368.5154
503.1680 88.5352
969.9370 335.1994
853.2288 514.6012
541.0178 239.1269
660.7412 142.5561
675.5569 792.5406
821.9086 120.5402
390.7892 294.9116
953.3410 319.4030
384.4722 136.6519
869.8776 459.7969
94.2008 258.9382
204.1400 493.3941
593.1766 712.8873
162.5076 260.9202
602.3440 536.9300
628.2746 7.2260
444.3376 238.2892
136.5037 689.3225
22.4748 214.4937
475.1795 611.8657
412.0057 472.2125
997.0159 50.3433
437.8728 494.9887
484.4312 449.9487
553.2458 476.2312
306.9935 543.7725
254.9101 281.5547
617.8069 456.7829
405.6281 60.2144
509.0589 642.1822
801.9827 677.5839
112.5446 369.6347
288.9753 366.6684
943.7239 274.6901
398.6680 465.2200
808.4273 85.4543
380.8206 621.1246
533.7042 212.1769
316.0371 633.8682
166.6653 512.0078
806.2035 700.6706
326.6670 136.7211
835.6943 789.2681
164.0264 111.6328
458.6809 317.3661
289.8780 481.4634
61.2065 671.8938
179.1415 427.7130
252.6627 416.0668
770.1724 0.4358
877.2598 458.5075
189.9539 532.5803
41.1490 385.9741
666.7573 432.6857
236.9612 476.0035
473.7268 666.7260
743.5128 84.7890
347.6330 787.3984
236.5624 119.5019
960.1313 630.6422
915.1986 37.7946
212.8541 543.7256
720.2038 607.8178
403.2971 473.7391
869.4388 477.1522
645.0493 13.8299
968.2409 285.9491
292.7838 446.3665
767.2541 153.2655
438.2749 433.0898
844.6707 792.4219
431.9932 455.5858
502.6536 383.8819
721.0134 15.6045
118.3152 377.6833
414.4454 514.1912
34.9195 90.3989
750.1202 342.1814
888.5556 98.3002
230.9262 735.1472
303.0161 775.1432
131.5267 476.2448
43.2659 387.1584
665.2652 763.7537
558.6261 743.3005
818.5002 299.3802
300.8835 30.8955
141.7634 622.4950
116.8292 728.1290
611.2818 348.9504
477.6868 252.3411
425.4702 142.6083
938.9407 144.6400
608.9884 265.4282
215.4549 508.1618
659.9065 351.6615
29.3996 399.1232
480.4003 311.0381
541.1839 547.7874
325.6803 477.8302
600.7823 261.0061
96.3889 659.2716
231.7603 180.1793
6.1066 664.3494
969.4492 229.9759
728.6542 174.5291
166.2241 663.1196
899.4708 45.0853
741.0223 315.5092
658.4120 757.2039
930.5183 54.3916
717.1312 377.8411
923.1357 512.0740
633.3073 370.6515
157.0529 617.9207
536.0717 436.4622
246.3808 277.2040
320.9850 540.0854
554.1438 136.7754
584.4559 244.2191
681.2678 277.0203
712.8027 250.1023
406.0802 781.9987
327.6917 294.5947
84.0334 53.2481
335.9882 41.7803
851.6795 37.7309
308.5138 74.1969
448.2369 245.8051
471.6159 611.7486
638.6286 285.2976
141.1461 350.6883
528.9244 594.6799
732.2487 89.7080
789.4707 368.9953
356.4071 240.2242
805.7777 456.8609
199.4388 231.5080
901.3020 162.5396
333.3700 390.6643
534.3156 177.7964
124.8118 174.2186
83.1459 630.0122
688.3808 191.7167
644.3097 734.7553
980.4030 341.6992
37.4346 379.5474
534.9479 140.0661
913.6087 54.6539
794.4039 383.9352
475.2178 7.7141
827.2099 347.8359
315.9697 50.0759
181.5393 356.1363
305.7296 261.3718
660.8938 741.2657
728.9385 386.1047
805.7770 409.4863
101.5272 451.6200
107.3799 339.8846
478.3662 234.0299
869.3565 397.2512
735.2207 354.1545
378.8999 130.0682
809.0722 471.0803
65.3044 248.3133
209.9001 316.8430
587.6608 460.4734
888.6588 503.2840
430.0116 777.3350
341.4551 487.6731
575.1156 632.2373
689.4937 89.7324
532.2660 443.2829
479.6906 461.9516
531.2917 187.1620
931.1237 567.0962
163.7258 563.4174
540.3026 327.6790
522.0672 723.6817
170.2012 235.8472
276.9354 750.3064
776.4790 238.0326
751.0826 720.7552
669.9919 579.3577
582.8389 350.4323
561.0400 701.4734
823.8852 711.8664
328.5934 567.9830
348.5295 415.9194
945.4479 593.5178
842.5870 41.0737
143.4592 352.8859
583.8070 584.9025
609.2027 717.7552
845.7283 670.8733
820.0017 239.3918
540.4479 511.4382
907.3039 361.4826
81.9493 11.5110
328.1662 464.4796
299.2487 772.3890
925.4405 648.7081
789.9076 635.8440
206.1107 397.0718
873.8486 418.4578
391.2186 418.6961
83.0002 580.8956
638.1953 167.9360
502.7775 601.5884
848.9213 91.2616
81.9160 196.6094
986.0715 393.3473
538.7706 220.0818
916.4356 461.1502
887.5080 18.1311
794.9268 525.3529
866.4663 674.9680
572.8587 676.7385
833.3945 356.2359
577.0922 296.3252
147.8070 689.1544
924.6117 468.1609
221.0112 631.4549
89.4303 663.2471
313.0810 403.6741
750.8580 603.6353
464.6794 599.2018
768.8022 535.1488
195.1589 538.6676
19.9752 595.5306
121.8605 192.9049
584.4930 8.3482
958.5259 426.1106
852.8313 787.8071
307.3738 517.0546
315.1491 97.0101
723.5069 33.8100
59.0708 424.8950
826.3518 638.0809
855.5853 573.7431
42.7165 262.1922
879.3196 239.4695
714.6336 165.2673
69.6788 274.6008
697.1600 629.6142
496.1893 303.2917
402.0570 732.0101
78.8659 552.1657
509.6570 479.6671
568.3499 167.1886
241.9945 494.9456
704.3145 501.3051
544.5527 780.3422
976.5722 673.2433
430.2018 293.3744
955.6264 360.2902
246.3103 520.5292
860.7742 656.3291
239.4088 389.8747
185.9374 277.3739
877.2207 81.0096
290.1773 314.3099
678.8427 34.0699
134.0239 406.4465
239.9842 388.9272
456.9357 684.2083
544.7023 337.4594
765.7093 302.5683
4.6860 731.2901
294.9853 416.9920
377.7110 203.9099
68.6880 563.8363
412.2087 27.9695
104.8431 799.3408
461.8272 759.0318
634.6060 163.7902
535.4132 654.5082
919.0461 327.6758
265.6010 780.2503
963.3346 29.9787
669.2788 437.4904
135.3689 784.1034
8.2726 114.1679
419.6984 337.7765
933.6269 407.2881
102.4486 507.0080
676.4322 362.6301
528.8685 463.2093
591.9777 635.3975
926.5650 460.2756
575.1327 35.9229
495.2971 208.1022
756.1715 733.9542
860.2671 501.3569
692.0554 2.8750
173.7004 404.5251
763.5314 222.5757
613.6661 363.4758
269.6224 255.9208
960.9163 89.5087
706.9119 664.9265
766.9192 430.1101
892.7567 108.6278
490.9600 362.8102
888.2660 17.0184
967.8352 644.8353
959.8555 788.0954
788.8362 606.0472
839.1437 656.6087
775.6597 612.5333
35.1148 244.0535
208.2646 403.1014
522.7175 52.0046
493.4177 438.7014
443.1875 597.9303
961.8006 177.9558
234.0364 323.7624
760.9809 359.6057
829.4001 75.4345
717.4601 484.0343
622.6887 90.1737
951.5139 154.4011
825.9047 698.6781
969.3246 149.0318
127.7163 106.5922
264.5074 133.4870
39.5192 209.5729
655.2088 136.3086
869.8907 715.5509
611.2131 579.3289
356.0995 369.4602
7.3228 606.3695
66.2848 45.2777
690.1413 551.5736
838.8657 217.6891
565.0262 127.6488
371.2314 624.6265
840.1887 514.5972
59.4972 386.1769
616.1256 79.0325
634.2918 115.5543
750.6529 435.1889
465.6161 469.9054
735.3787 379.7356
744.4088 786.3709
865.5502 459.4690
204.6861 141.9649
78.1286 396.8071
298.5473 115.3225
289.6126 212.0118
890.0739 516.5489
213.9849 335.3728
107.8823 662.7498
51.6177 153.9351
382.5719 345.2969
687.5423 172.0898
474.8911 119.4474
399.3563 555.5669
169.8352 747.4001
151.4464 28.1183
594.5568 623.5462
236.4457 714.6100
414.1046 108.4336
571.2412 157.2751
958.4362 466.7139
9.9764 371.8771
604.9152 24.0201
95.7797 194.7160
333.5384 638.3531
965.6968 20.7975
461.3949 492.2687
89.4752 602.1082
34.6073 361.1768
160.2477 87.3257
540.5359 304.5398
41.2564 407.4529
884.5995 524.0688
495.6143 148.5103
24.9517 658.9019
316.2134 737.6395
773.4740 594.7852
792.3472 799.0349
110.9593 133.7471
807.7431 771.5304
473.9610 5.0309
256.8353 195.9027
53.7936 782.6966
825.0526 607.6610
293.1358 629.2148
902.3915 146.9337
144.2247 518.3566
15.3968 273.8570
214.6738 470.1705
755.3288 113.5329
732.5684 749.2154
730.4254 466.6728
305.0909 658.6343
797.8363 379.5683
180.2945 493.6193
208.2441 146.1052
641.5528 282.4978
94.3734 738.3594
470.3248 63.1222
465.6187 654.6729
720.2001 19.2852
970.6746 107.1492
948.0186 661.7290
359.0903 432.0399
111.9468 29.6443
105.7687 459.9780
110.4401 764.0661
537.0241 737.7499
90.9188 644.3386
540.4926 323.6827
757.4481 228.4286
606.6503 428.6885
413.6239 383.1756
427.9599 703.0465
980.6647 539.5716
126.9017 370.8872
999.1273 726.2837
500.1999 215.3874
456.1865 18.9085
749.2014 350.6576
657.3492 781.1373
976.7207 87.6284
32.5290 233.2607
846.3708 104.5036
437.1832 34.8897
403.6639 589.5816
764.0913 746.6320
768.5349 753.9101
201.6000 486.3436
730.3623 102.2860
197.3805 260.8283
230.4612 432.2660
509.8615 216.3352
944.5489 31.2582
157.7203 179.2012
965.4642 328.1747
274.3211 149.9933
714.4159 7.7827
65.9181 133.1998
743.4803 393.3344
938.8004 118.7075
14.5448 722.1299
1.4901 166.5099
217.8040 48.7676
18.1737 415.1977
248.6668 233.3526
714.3173 322.6449
239.2727 88.9839
4.8293 412.9264
571.7373 622.5159
999.2723 97.0545
119.1110 638.6570
23.1427 763.9560
850.3947 307.5865
752.9686 502.2205
820.4000 111.0910
494.4721 747.0550
742.1646 465.5778
531.9325 618.6675
726.7557 592.0101
617.7759 310.5637
541.7770 586.4442
300.2016 791.1936
950.9549 754.2422
866.6008 438.0905
480.0289 206.4106
244.9439 40.5298
921.3594 652.7485
972.4408 412.0400
684.2969 199.2329
118.7407 77.4249
835.0326 762.4738
82.4819 76.8970
882.3805 254.6726
662.1528 444.2368
369.3800 207.3103
501.2485 607.3837
962.8528 247.2367
972.7784 151.2901
259.7742 678.2915
12.0383 290.4151
323.9419 191.3388
412.8729 23.9771
321.6516 754.7597
607.2096 200.3063
582.0047 563.2429
863.2302 345.5539
148.2698 42.9348
58.5602 110.3585
881.2346 576.8142
810.1133 565.0720
539.0749 73.2817
506.9956 736.5204
652.6183 410.6711
596.4635 613.6463
968.1460 119.4335
890.6829 112.5907
530.8784 400.6377
70.0278 209.6640
324.7617 108.7545
227.4015 730.1942
637.1735 154.1227
311.5730 760.8280
222.2692 796.5966
17.3968 235.7274
159.4704 75.7610
771.5895 760.3342
551.6605 265.6124
548.9521 549.2949
938.2681 502.6734
786.3018 779.6423
345.9516 14.3191
665.5586 713.8034
114.4223 25.3657
464.6483 138.3144
55.3814 341.1764
23.5316 68.2024
561.5576 417.8973
458.2812 23.6998
723.4063 596.5101
175.7810 786.8874
127.1523 588.0065
925.2303 341.7726
350.8475 100.0748
654.8640 211.5936
532.3516 299.4090
497.7585 343.5066
751.4301 179.5107
814.8967 712.9644
913.4464 603.1355
312.0566 580.3249
970.6450 244.3692
177.7044 115.4613
439.8060 790.0606
852.1302 239.8766
825.2174 20.1226
622.0392 266.3170
6.8436 399.3765
743.5217 500.7372
204.9578 585.5112
491.8181 119.1206
234.8784 446.6674
421.8557 392.9352
409.8323 135.2615
940.2013 605.4898
749.4533 100.9741
458.8473 762.1712
394.2411 789.4925
509.3879 677.8432
703.5924 309.9415
351.0824 559.0320
400.1894 122.1142
130.0220 786.8521
956.3927 497.1209
441.9298 798.2318
852.3012 353.5983
856.2593 215.6500
623.5453 378.6440
829.8693 529.9132
578.1811 511.2896
361.6056 29.1995
974.9672 87.0825
510.2599 400.4788
483.3726 241.0697
145.5744 188.2348
864.0944 649.3560
307.5995 245.7908
419.2761 591.1366
378.4037 121.8883
110.4628 69.5045
790.6299 346.2589
252.7778 590.6038
356.2803 285.5338
574.8321 137.6540
969.8966 527.9398
276.4123 226.4439
818.3603 613.1319
101.0753 568.2060
493.0576 156.4518
550.4312 424.9571
463.5993 2.0172
668.6901 186.8014
225.3473 541.7346
788.9550 400.3542
864.0001 645.0332
724.0157 422.5881
277.2274 641.0966
536.8403 794.4579
405.1516 692.9371
18.2865 677.3938
816.5587 794.3706
181.7448 128.7983
878.1627 248.8017
656.5115 223.1727
802.1472 149.1905
863.1899 94.7711
401.4486 248.7643
743.9742 422.3141
4.1913 756.7745
496.6713 80.3841
729.9808 697.8360
385.0506 789.9634
202.6358 49.9856
698.8674 84.0277
446.7218 662.4576
622.8976 729.9353
49.4986 71.5724
276.0225 750.6867
209.8566 735.1869
474.8439 93.4212
106.9378 551.8871
747.5385 471.7552
466.6348 521.7852
414.9409 624.5394
104.9623 504.2728
387.9538 741.8503
760.5596 751.9254
683.7429 493.4712
751.2559 40.7428
507.3267 78.8177
648.0142 676.3208
636.1325 657.1805
328.6568 291.7269
9.4256 96.3843
206.0330 350.0396
223.4569 424.0873
706.1688 18.1071
922.6240 446.4894
675.9957 669.6968
522.5862 2.7705
137.6018 374.3856
760.4528 572.0471
467.9483 756.3947
105.7836 21.9923
690.2594 88.8546
615.5695 780.7584
154.6287 715.0058
676.8461 703.2922
588.0786 790.2753
251.3142 392.3280
120.6145 158.3724
338.8480 181.3480
447.4087 335.3803
863.2912 719.7362
6.9741 638.6151
547.0299 538.9891
716.3180 293.0691
351.8980 693.7053
500.5013 11.7844
651.3318 535.3037
293.1602 638.7220
134.9534 701.0712
964.0088 129.8154
824.2405 312.5625
38.0514 794.6514
602.4648 610.7347
551.4860 677.5327
259.5816 533.1054
19.9231 640.6776
682.2403 285.2058
436.9307 552.0748
245.9078 679.7636
914.3907 291.7417
748.5678 701.9775
142.0376 257.4833
735.7999 670.9837
894.6491 658.7611
388.3952 3.5295
927.7436 174.0685
363.9787 783.3801
954.9912 519.0222
766.8438 714.2304
156.5407 678.8277
702.8163 555.8705
620.0028 692.5620
577.8873 230.8467
855.2795 402.7114
220.3906 8.1751
912.8747 590.8722
600.6870 647.5917
814.0474 253.1143
228.6332 117.8881
368.3010 57.0146
476.2712 291.7827
807.5428 440.0396
388.1348 232.6413
712.9151 196.0544
667.7466 748.5745
862.5018 186.1380
549.9506 74.7779
325.8516 656.1483
880.4645 220.9098
498.6689 207.6613
993.6251 392.4672
820.2629 468.1662
424.4863 767.3250
320.0573 197.4255
336.9600 595.5680
914.3941 88.9337
546.0087 61.0880
449.0401 394.1434
807.1800 107.1891
592.2753 612.0615
497.7505 78.7699
362.2806 123.8116
854.0819 511.5934
762.4272 649.6785
461.8598 181.6662
383.3524 122.8066
786.7679 348.1053
738.1458 792.6202
771.7019 338.2812
462.5760 113.0771
358.1030 353.2344
27.3165 162.8594
826.9101 371.0762
361.6538 644.4072
754.6987 384.5475
994.9079 602.1108
481.1544 578.1281
216.5130 389.3408
306.8956 182.6167
15.9457 148.5699
442.3005 657.0704
840.5366 402.6039
324.3176 367.2150
181.0679 39.8484
562.6225 265.8646
770.5778 315.5418
528.0773 785.0121
893.5029 148.7492
516.1944 240.2059
45.6932 333.2956
250.6717 8.2285
652.7027 301.7976
206.8744 382.5878
67.5978 667.8679
206.5272 270.6058
726.6291 773.5161
400.8867 334.0552
138.3632 482.9936
217.8881 423.2111
722.0356 668.7165
607.3815 325.1496
671.8219 24.1676
263.2462 734.8180
523.3155 314.7075
679.4235 141.0919
693.9217 624.1377
777.4208 207.7666
346.8531 20.3195
524.8263 667.3951
772.0029 379.4123
577.7105 593.7630
956.9931 261.8975
853.7544 343.2514
257.3724 7.0677
191.8521 524.9901
321.6690 360.1855
736.7454 400.1533
